krueger,alciatore
0.000,0.929
0.464,2.415
0.929,2.879
1.393,3.344
1.858,3.715
2.322,4.087
2.786,4.737
3.251,5.201
3.715,5.573
4.180,6.037
4.644,6.502
5.108,7.059
5.573,7.523
6.037,7.895
6.502,8.359
6.966,8.916
7.430,9.381
7.895,9.752
8.359,10.124
8.824,10.588
9.288,11.053
9.752,11.517
10.217,11.889
10.681,12.353
11.146,12.817
11.610,13.282
12.074,13.653
12.539,14.211
13.003,14.582
13.468,15.047
13.932,15.418
14.396,15.975
14.861,16.440
15.325,16.811
15.790,17.276
16.254,17.740
16.718,18.297
17.183,18.576
17.647,19.040
18.112,19.412
18.576,19.876
19.040,20.155
19.505,20.434
19.969,20.898
20.434,21.641
20.898,22.291
21.362,22.848
21.827,23.313
22.291,23.777
22.756,24.335
23.220,24.706
23.684,24.706
24.149,24.706
24.613,25.821
25.078,26.471
25.542,26.935
26.006,27.400
26.471,27.864
26.935,28.607
27.400,28.793
27.864,29.257
28.328,29.722
28.793,30.093
29.257,30.557
29.722,31.022
30.186,31.579
30.650,31.951
31.115,32.508
31.579,32.879
32.044,33.715
32.508,33.901
32.972,34.366
33.437,34.830
33.901,35.573
34.366,35.759
34.830,36.780
35.294,36.780
35.759,37.245
36.223,37.709
36.688,38.266
37.152,38.638
37.616,38.917
38.081,39.381
38.545,39.753
39.010,40.774
39.474,41.053
39.938,41.517
40.403,41.982
40.867,42.446
41.332,43.375
41.796,43.468
42.260,43.746
42.725,44.211
43.189,44.675
43.654,45.140
44.118,45.697
44.582,45.976
45.047,46.347
45.511,47.090
45.976,47.462
46.440,47.926
46.904,48.112
47.369,48.669
47.833,49.226
48.298,49.784
48.762,50.248
49.226,50.712
49.691,51.084
49.691,0.929
50.155,2.415
50.620,2.879
51.084,3.344
51.548,3.715
52.013,4.087
52.477,4.737
52.941,5.201
53.406,5.573
53.870,6.037
54.335,6.502
54.799,7.059
55.263,7.523
55.728,7.895
56.192,8.359
56.657,8.916
57.121,9.381
57.585,9.752
58.050,10.124
58.514,10.588
58.979,11.053
59.443,11.517
59.907,11.889
60.372,12.353
60.836,12.817
61.301,13.282
61.765,13.653
62.229,14.211
62.694,14.582
63.158,15.047
63.623,15.418
64.087,15.975
64.551,16.440
65.016,16.811
65.480,17.276
65.945,17.740
66.409,18.297
66.873,18.576
67.338,19.040
67.802,19.412
68.267,19.876
68.731,20.155
69.195,20.434
69.660,20.898
70.124,21.641
70.589,22.291
71.053,22.848
71.517,23.313
71.982,23.777
72.446,24.335
72.911,24.706
73.375,24.706
73.839,24.706
74.304,25.821
74.768,26.471
75.233,26.935
75.697,27.400
76.161,27.864
76.626,28.607
77.090,28.793
77.555,29.257
78.019,29.722
78.483,30.093
78.948,30.557
79.412,31.022
79.877,31.579
80.341,31.951
80.805,32.508
81.270,32.879
81.734,33.715
82.199,33.901
82.663,34.366
83.127,34.830
83.592,35.573
84.056,35.759
84.521,36.780
84.985,36.780
85.449,37.245
85.914,37.709
86.378,38.266
86.843,38.638
87.307,38.917
87.771,39.381
88.236,39.753
88.700,40.774
89.165,41.053
89.629,41.517
90.093,41.982
90.558,42.446
91.022,43.375
91.487,43.468
91.951,43.746
92.415,44.211
92.880,44.675
93.344,45.140
93.809,45.697
94.273,45.976
94.737,46.347
95.202,47.090
95.666,47.462
96.131,47.926
96.595,48.112
97.059,48.669
97.524,49.226
97.988,49.784
98.453,50.248
98.917,50.712
99.381,51.084
99.381,51.270
99.846,51.827
100.310,52.198
100.775,52.663
101.239,53.127
101.703,53.499
102.168,53.963
102.632,54.335
103.097,54.706
103.561,55.171
104.025,55.635
104.490,56.099
104.954,56.471
105.419,56.935
105.883,57.307
106.347,57.771
106.812,58.236
107.276,58.700
107.741,58.793
108.205,59.443
108.669,59.907
109.134,60.372
109.598,60.743
110.063,61.208
110.527,61.579
110.991,62.044
111.456,62.415
111.920,62.880
112.385,63.344
112.849,63.716
113.313,64.180
113.778,64.644
114.242,65.109
114.707,65.573
115.171,65.945
115.635,66.409
116.100,66.873
116.564,67.338
117.029,67.802
117.493,68.174
117.957,68.638
118.422,69.103
118.886,69.567
119.351,70.031
119.815,70.496
120.279,70.960
120.744,71.425
121.208,71.889
121.673,72.446
122.137,72.818
122.601,73.282
123.066,73.839
123.530,74.397
123.995,75.140
124.459,75.511
124.923,75.976
125.388,76.533
125.852,76.997
126.317,77.555
126.781,78.019
127.245,78.483
127.710,79.041
128.174,79.505
128.639,80.062
129.103,80.620
129.567,81.084
130.032,81.548
130.496,82.013
130.961,82.570
131.425,83.035
131.889,83.406
132.354,83.870
132.818,84.335
133.283,84.799
133.747,85.264
134.211,85.728
134.676,86.192
135.140,86.657
135.605,87.028
136.069,87.493
136.533,87.957
136.998,88.422
137.462,88.793
137.927,89.350
138.391,89.722
138.855,90.186
139.320,90.558
139.784,91.115
140.249,91.580
140.713,91.951
141.177,92.415
141.642,92.973
142.106,93.344
142.571,93.809
143.035,94.273
143.499,94.737
143.964,95.202
144.428,95.666
144.893,96.038
145.357,96.502
145.821,96.967
146.286,97.431
146.750,97.988
147.215,98.360
147.679,98.824
148.143,99.196
148.608,99.660
149.072,100.124
149.537,100.589
150.001,100.682
150.465,101.146
150.930,101.703
151.394,102.354
151.859,103.004
152.323,103.282
152.787,103.747
153.252,104.490
153.716,105.140
154.180,105.976
154.645,106.162
155.109,106.440
155.574,106.812
156.038,107.276
156.502,107.741
156.967,108.298
157.431,108.577
157.896,108.762
158.360,109.784
158.824,110.063
159.289,110.527
159.753,111.084
160.218,111.549
160.682,112.106
161.146,112.570
161.611,112.942
162.075,113.685
162.540,113.871
163.004,114.242
163.468,114.892
163.933,115.450
164.397,115.821
164.862,116.286
165.326,116.750
165.790,117.214
166.255,117.772
166.719,118.236
167.184,118.700
167.648,119.165
168.112,119.815
168.577,120.186
169.041,120.744
169.506,121.115
169.970,121.673
170.434,122.323
170.899,122.601
171.363,123.159
171.828,123.530
172.292,124.273
172.756,125.202
173.221,125.295
173.685,125.295
174.150,125.295
174.614,125.666
175.078,126.409
175.543,127.060
176.007,127.524
176.472,127.988
176.936,128.360
177.400,128.824
177.865,129.289
178.329,129.753
178.794,130.218
179.258,130.775
179.722,131.146
180.187,131.889
180.465,133.190
180.465,51.270
180.930,51.827
181.394,52.198
181.859,52.663
182.323,53.127
182.787,53.499
183.252,53.963
183.716,54.335
184.181,54.706
184.645,55.171
185.109,55.635
185.574,56.099
186.038,56.471
186.503,56.935
186.967,57.307
187.431,57.771
187.896,58.236
188.360,58.700
188.825,58.793
189.289,59.443
189.753,59.907
190.218,60.372
190.682,60.743
191.147,61.208
191.611,61.579
192.075,62.044
192.540,62.415
193.004,62.880
193.469,63.344
193.933,63.716
194.397,64.180
194.862,64.644
195.326,65.109
195.791,65.573
196.255,65.945
196.719,66.409
197.184,66.873
197.648,67.338
198.113,67.802
198.577,68.174
199.041,68.638
199.506,69.103
199.970,69.567
200.435,70.031
200.899,70.496
201.363,70.960
201.828,71.425
202.292,71.889
202.757,72.446
203.221,72.818
203.685,73.282
204.150,73.839
204.614,74.397
205.079,75.140
205.543,75.511
206.007,75.976
206.472,76.533
206.936,76.997
207.401,77.555
207.865,78.019
208.329,78.483
208.794,79.041
209.258,79.505
209.723,80.062
210.187,80.620
210.651,81.084
211.116,81.548
211.580,82.013
212.045,82.570
212.509,83.035
212.973,83.406
213.438,83.870
213.902,84.335
214.367,84.799
214.831,85.264
215.295,85.728
215.760,86.192
216.224,86.657
216.689,87.028
217.153,87.493
217.617,87.957
218.082,88.422
218.546,88.793
219.011,89.350
219.475,89.722
219.939,90.186
220.404,90.558
220.868,91.115
221.333,91.580
221.797,91.951
222.261,92.415
222.726,92.973
223.190,93.344
223.655,93.809
224.119,94.273
224.583,94.737
225.048,95.202
225.512,95.666
225.977,96.038
226.441,96.502
226.905,96.967
227.370,97.431
227.834,97.988
228.299,98.360
228.763,98.824
229.227,99.196
229.692,99.660
230.156,100.124
230.621,100.589
231.085,100.682
231.549,101.146
232.014,101.703
232.478,102.354
232.943,103.004
233.407,103.282
233.871,103.747
234.336,104.490
234.800,105.140
235.265,105.976
235.729,106.162
236.193,106.440
236.658,106.812
237.122,107.276
237.587,107.741
238.051,108.298
238.515,108.577
238.980,108.762
239.444,109.784
239.909,110.063
240.373,110.527
240.837,111.084
241.302,111.549
241.766,112.106
242.231,112.570
242.695,112.942
243.159,113.685
243.624,113.871
244.088,114.242
244.553,114.892
245.017,115.450
245.481,115.821
245.946,116.286
246.410,116.750
246.875,117.214
247.339,117.772
247.803,118.236
248.268,118.700
248.732,119.165
249.197,119.815
249.661,120.186
250.125,120.744
250.590,121.115
251.054,121.673
251.519,122.323
251.983,122.601
252.447,123.159
252.912,123.530
253.376,124.273
253.841,125.202
254.305,125.295
254.769,125.295
255.234,125.295
255.698,125.666
256.163,126.409
256.627,127.060
257.091,127.524
257.556,127.988
258.020,128.360
258.485,128.824
258.949,129.289
259.413,129.753
259.878,130.218
260.342,130.775
260.807,131.146
261.271,131.889
261.735,133.190
262.200,133.190
262.664,133.190
263.129,133.190
263.407,133.190
