measure,start_HU33,start_SC06
0.0,0.0,0.0
0.02,0.02,0.02
0.04,0.04,0.04
0.06,0.06,0.06
0.08,0.08,0.08
0.1,0.1,0.1
0.12,0.12,0.12
0.14,0.14,0.14
0.16,0.16,0.16
0.18,0.18,0.18
0.2,0.2,0.2
0.22,0.22,0.22
0.24,0.24,0.24
0.26,0.26,0.26
0.28,0.28,0.28
0.3,0.3,0.3
0.32,0.32,0.32
0.34,0.34,0.34
0.36,0.36,0.36
0.4,0.4,0.38
0.42,0.42,0.4
0.44,0.44,0.42
0.46,0.46,0.44
0.48,0.48,0.46
0.5,0.5,0.48
0.52,0.54,0.5
0.54,0.56,0.52
0.56,0.58,0.54
0.58,0.6,0.56
0.6,0.62,0.58
0.62,0.64,0.6
0.64,0.66,0.62
0.66,0.68,0.64
0.68,0.7,0.66
0.7,0.72,0.68
0.72,0.74,0.7
0.74,0.76,0.72
0.76,0.78,0.74
0.78,0.8,0.76
0.8,0.82,0.78
0.82,0.84,0.8
0.84,0.86,0.82
0.86,0.88,0.84
0.88,0.9,0.86
0.9,0.92,0.88
0.92,0.94,0.9
0.94,0.96,0.92
0.96,0.98,0.94
0.98,1.0,1.1
1.0,1.02,1.18
1.02,1.04,1.2
1.04,1.16,1.22
1.06,1.18,1.26
1.08,1.2,1.28
1.1,1.22,1.3
1.12,1.24,1.32
1.14,1.26,1.34
1.16,1.28,1.36
1.18,1.3,1.38
1.2,1.32,1.4
1.22,1.54,1.42
1.24,1.68,1.52
1.26,1.7,1.9
1.28,1.94,1.92
1.3,1.96,2.12
1.32,1.98,2.14
1.34,2.0,2.16
1.36,2.02,2.18
1.38,2.04,2.2
1.4,2.06,2.22
1.42,2.08,2.24
1.44,2.1,2.26
1.46,2.12,2.28
1.48,2.14,2.3
1.5,2.16,2.32
1.52,2.18,2.34
1.54,2.2,2.44
1.56,2.22,2.5
1.58,2.24,2.52
1.6,2.26,2.54
1.62,2.28,2.56
1.64,2.3,2.66
1.66,2.32,2.68
1.68,2.34,2.7
1.7,2.36,2.72
1.72,2.38,2.74
1.74,2.4,2.76
1.76,3.26,3.26
1.78,3.28,3.42
1.8,3.3,3.44
1.82,3.32,3.46
1.84,3.34,3.48
1.86,3.36,3.5
1.88,3.38,3.52
1.9,3.4,3.54
1.92,3.42,3.56
1.94,3.44,3.58
1.96,3.46,3.6
1.98,3.48,3.7
2.0,3.5,3.72
2.02,3.56,3.74
2.04,3.72,3.76
2.06,3.74,3.78
2.08,3.78,3.82
2.1,3.8,3.84
2.12,3.82,3.86
2.14,3.84,3.88
2.16,3.86,3.9
2.18,3.88,3.92
2.2,3.9,3.94
2.22,3.94,4.06
2.24,3.96,4.2
2.26,4.14,4.36
2.28,4.2,4.46
2.3,4.38,4.48
2.32,4.4,4.5
2.34,4.42,4.52
2.36,4.44,4.54
2.38,4.46,4.56
2.4,4.48,4.58
2.42,4.5,4.6
2.44,4.52,4.62
2.46,4.54,4.64
2.48,4.56,4.66
2.5,4.58,4.68
2.52,4.6,4.7
2.54,4.9,4.72
2.56,4.92,4.74
2.58,4.94,4.76
2.6,4.96,4.78
2.62,4.98,4.8
2.64,5.0,4.82
2.66,5.02,4.84
2.68,5.04,4.86
2.7,5.06,4.88
2.72,5.12,4.9
2.74,5.32,5.72
2.76,5.36,5.98
2.78,5.5,6.04
2.8,5.52,6.06
2.82,5.54,6.08
2.84,5.56,6.1
2.86,5.58,6.12
2.88,5.6,6.14
2.9,5.62,6.16
2.92,5.64,6.18
2.94,5.66,6.2
2.96,5.68,6.22
2.98,5.84,6.34
3.0,5.96,6.42
3.02,6.02,6.44
3.04,6.18,6.46
3.06,6.2,6.48
3.08,6.22,6.5
3.1,6.24,6.52
3.12,6.26,6.54
3.14,6.28,6.56
3.16,6.3,6.58
3.18,6.32,6.6
3.2,6.34,6.62
3.22,6.5,6.7
3.24,6.52,6.78
3.26,6.54,6.92
3.28,6.86,6.98
3.3,6.88,7.24
3.32,6.9,7.26
3.34,6.92,7.28
3.36,6.94,7.3
3.38,6.96,7.32
3.4,6.98,7.34
3.42,7.0,7.36
3.44,7.02,7.38
3.46,7.04,7.4
3.48,7.06,7.44
3.5,7.08,7.66
3.52,7.1,7.68
3.54,7.12,7.94
3.56,7.18,7.96
3.58,7.2,7.98
3.6,7.42,8.0
3.62,7.44,8.02
3.64,7.46,8.04
3.66,7.48,8.06
3.68,7.5,8.08
3.7,7.52,8.1
3.72,7.54,8.12
3.74,7.56,8.14
3.76,7.8,8.24
3.78,8.0,8.48
3.8,8.02,8.5
3.82,8.04,8.52
3.84,8.06,8.54
3.86,8.14,8.56
3.88,8.16,8.58
3.9,8.18,8.6
3.92,8.2,8.62
3.94,8.22,8.64
3.96,8.24,8.66
3.98,8.5,8.68
4.0,8.52,8.88
4.02,8.74,9.16
4.04,8.76,9.18
4.06,8.78,9.2
4.08,8.8,9.22
4.1,8.82,9.24
4.12,8.84,9.26
4.14,8.86,9.28
4.16,8.88,9.3
4.18,8.9,9.32
4.2,8.92,9.34
4.22,9.02,9.36
4.24,9.18,9.38
4.26,9.52,9.52
4.28,9.54,9.72
4.3,9.56,9.74
4.32,9.58,9.76
4.34,9.6,9.78
4.36,9.62,9.8
4.38,9.64,9.82
4.4,9.66,9.84
4.42,9.68,9.86
4.44,9.7,9.88
4.46,9.72,9.9
4.48,9.74,9.98
4.5,9.8,10.12
4.52,9.84,10.18
4.54,9.94,10.3
4.56,9.96,10.32
4.58,9.98,10.34
4.6,10.0,10.36
4.62,10.02,10.38
4.64,10.04,10.4
4.66,10.06,10.42
4.68,10.08,10.44
4.7,10.1,10.46
4.72,10.36,10.5
4.74,10.4,10.76
4.76,10.44,11.16
4.78,10.52,11.18
4.8,10.54,11.2
4.82,10.56,11.22
4.84,10.58,11.24
4.86,10.6,11.26
4.88,10.62,11.28
4.9,10.64,11.3
4.92,10.66,11.32
4.94,10.68,11.34
4.96,10.7,11.36
4.98,11.08,11.38
5.0,11.14,11.4
5.02,11.28,11.64
5.04,11.32,11.66
5.06,11.36,11.68
5.08,11.38,11.7
5.1,11.4,11.72
5.12,11.42,11.74
5.14,11.44,11.76
5.16,11.46,11.78
5.18,11.48,11.8
5.2,11.5,11.82
5.22,11.76,11.86
5.24,11.8,12.06
5.26,11.84,12.08
5.28,11.96,12.14
5.3,11.98,12.16
5.32,12.0,12.18
5.34,12.02,12.2
5.36,12.04,12.22
5.38,12.06,12.24
5.4,12.3,12.26
5.42,12.32,12.28
5.44,12.34,12.3
5.46,12.36,12.54
5.48,12.38,12.56
5.5,12.4,12.62
5.52,12.42,12.7
5.54,12.7,12.76
5.56,12.72,12.78
5.58,12.74,12.8
5.6,12.76,12.82
5.62,12.78,12.84
5.64,12.8,12.86
5.66,12.82,12.88
5.68,12.84,12.9
5.7,12.86,12.92
5.72,12.96,13.14
5.74,12.98,13.24
5.76,13.02,13.26
5.78,13.16,13.32
5.8,13.18,13.48
5.82,13.2,13.5
5.84,13.22,13.52
5.86,13.24,13.54
5.88,13.26,13.56
5.9,13.3,13.62
5.92,13.32,13.64
5.94,13.54,13.66
5.96,13.56,13.68
5.98,13.58,13.76
6.0,13.64,13.86
6.02,13.7,13.98
6.04,13.74,14.0
6.06,13.76,14.02
6.08,13.78,14.04
6.1,13.8,14.06
6.12,13.82,14.08
6.14,13.84,14.1
6.16,13.86,14.12
6.18,13.88,14.14
6.2,13.9,14.16
6.22,14.2,14.34
6.24,14.24,14.44
6.26,14.38,14.46
6.28,14.42,14.62
6.3,14.44,14.64
6.32,14.46,14.66
6.34,14.48,14.68
6.36,14.5,14.7
6.38,14.52,14.72
6.4,14.8,14.76
6.42,14.82,14.82
6.44,14.84,14.84
6.46,14.86,14.86
6.48,14.88,14.88
6.5,14.9,14.9
6.52,15.06,14.92
6.54,15.08,14.94
6.56,15.1,14.96
6.58,15.12,14.98
6.6,15.14,15.0
6.62,15.16,15.02
6.64,15.18,15.04
6.66,15.2,15.06
6.68,15.22,15.08
6.7,15.24,15.1
6.72,15.26,15.24
6.74,15.36,15.5
6.76,15.56,15.64
6.78,15.66,15.66
6.8,15.68,15.68
6.82,15.7,15.7
6.84,15.72,15.72
6.86,15.74,15.74
6.88,15.76,15.76
6.9,15.78,15.78
6.92,15.8,15.8
6.94,15.82,15.82
6.96,15.84,15.84
6.98,15.86,16.0
7.0,16.18,16.02
7.02,16.24,16.04
7.04,16.38,16.06
7.06,16.4,16.08
7.08,16.42,16.1
7.1,16.44,16.12
7.12,16.46,16.14
7.14,16.48,16.16
7.16,16.5,16.18
7.18,16.52,16.2
7.2,16.54,16.22
7.22,16.56,16.54
7.24,16.58,16.56
7.26,16.6,16.58
7.28,16.62,16.6
7.3,16.64,16.62
7.32,16.66,16.64
7.34,16.72,16.66
7.36,16.74,16.68
7.38,16.76,16.7
7.4,16.78,16.72
7.42,16.8,16.74
7.44,16.82,16.76
7.46,16.84,16.78
7.48,16.86,16.8
7.5,16.88,16.88
7.52,16.9,16.9
7.54,16.92,16.96
7.56,16.94,16.98
7.58,16.98,17.0
7.6,17.0,17.02
7.62,17.26,17.04
7.64,17.28,17.06
7.66,17.42,17.08
7.68,17.44,17.1
7.7,17.46,17.12
7.72,17.48,17.14
7.74,17.5,18.36
7.76,18.14,18.68
7.78,18.2,18.74
7.8,18.22,18.76
7.82,18.24,18.78
7.84,18.26,18.8
7.86,18.28,18.82
7.88,18.3,18.84
7.9,18.32,18.86
7.92,18.34,18.88
7.94,18.6,18.9
7.96,18.62,18.92
7.98,18.7,18.94
8.0,18.92,18.96
8.02,18.94,18.98
8.04,18.96,19.0
8.06,18.98,19.02
8.08,19.0,19.04
8.1,19.02,19.06
8.12,19.04,19.08
8.14,19.06,19.1
8.16,19.14,19.12
8.18,19.46,19.14
8.2,19.48,19.16
8.22,19.5,19.18
8.24,19.52,19.22
8.26,19.54,19.26
8.28,19.58,19.28
8.3,19.6,19.68
8.32,19.68,19.7
8.34,19.72,19.72
8.36,19.98,19.8
8.38,20.02,19.98
8.4,20.08,20.0
8.42,20.24,20.1
8.44,20.26,20.12
8.46,20.3,20.16
8.48,20.32,20.2
8.5,20.34,20.22
8.52,20.4,20.24
8.54,20.42,20.26
8.56,20.44,20.28
8.58,20.48,20.52
8.6,20.52,20.54
8.62,20.54,20.56
8.64,20.76,20.58
8.66,20.78,20.6
8.68,20.8,20.62
8.7,20.82,20.64
8.72,20.88,20.66
8.74,20.9,20.68
8.76,21.06,20.82
8.78,21.08,20.84
8.8,21.1,20.86
8.82,21.12,20.9
8.84,21.14,21.22
8.86,21.16,21.24
8.88,21.42,21.26
8.9,21.44,21.28
8.92,21.46,21.3
8.94,21.48,21.32
8.96,21.5,21.34
8.98,21.62,21.36
9.0,21.72,21.4
9.02,21.74,21.44
9.04,21.76,21.46
9.06,21.78,21.52
9.08,21.8,21.54
9.1,21.82,21.56
9.12,21.84,21.58
9.14,21.86,21.6
9.16,21.88,21.62
9.18,21.9,21.64
9.2,21.92,21.68
9.22,22.18,21.86
9.24,22.2,21.88
9.26,22.42,21.9
9.28,22.5,21.94
9.3,22.52,22.32
9.32,22.54,22.38
9.34,22.56,22.42
9.36,22.66,22.78
9.38,22.68,22.8
9.4,22.7,22.82
9.42,22.72,22.84
9.44,22.74,22.86
9.46,22.76,22.88
9.48,22.78,22.9
9.5,22.8,22.92
9.52,22.82,22.94
9.54,22.96,22.96
9.56,22.98,23.08
9.58,23.04,23.1
9.6,23.5,23.32
9.62,23.52,23.34
9.64,23.54,23.36
9.66,23.56,23.38
9.68,23.58,23.4
9.7,23.6,23.42
9.72,23.62,23.44
9.74,23.64,23.46
9.76,23.66,23.52
9.78,23.68,23.54
9.8,23.7,23.56
9.82,23.72,23.58
9.84,23.74,23.6
9.86,23.76,23.62
9.88,23.78,23.64
9.9,23.8,23.74
9.92,24.34,24.1
9.94,24.36,24.12
9.96,24.38,24.14
9.98,24.4,24.16
10.0,24.42,24.18
10.02,24.44,24.2
10.04,24.46,24.22
10.06,24.48,24.24
10.08,24.5,24.26
10.1,24.52,24.28
10.12,24.54,24.3
10.14,24.56,24.32
10.16,24.58,24.34
10.18,24.6,24.36
10.2,24.62,24.38
10.22,24.64,24.4
10.24,24.86,24.42
10.26,25.06,24.44
10.28,25.2,24.48
10.3,25.22,24.74
10.32,25.24,24.76
10.34,25.26,24.78
10.36,25.34,24.9
10.38,25.44,25.06
10.4,25.46,25.12
10.42,25.48,25.24
10.44,25.5,25.26
10.46,25.52,25.28
10.48,25.54,25.36
10.5,25.56,25.38
10.52,25.58,25.4
10.54,25.6,25.42
10.56,25.62,25.44
10.58,25.64,25.46
10.6,25.66,25.48
10.62,25.68,25.5
10.64,25.7,25.52
10.66,25.72,25.8
10.68,25.74,25.84
10.7,25.76,25.86
10.72,25.78,25.88
10.74,25.8,25.94
10.76,26.48,26.02
10.78,26.78,26.06
10.8,26.8,26.08
10.82,26.82,26.1
10.84,26.84,26.26
10.86,26.86,26.28
10.88,26.88,26.3
10.9,26.9,26.32
10.92,26.94,26.34
10.94,26.96,26.36
10.96,26.98,26.38
10.98,27.1,26.42
11.0,27.12,26.58
11.02,27.14,26.62
11.04,27.16,26.72
11.06,27.18,26.74
11.08,27.2,26.76
11.1,27.22,26.78
11.12,27.24,26.8
11.14,27.26,26.82
11.16,27.28,26.84
11.18,27.3,26.88
11.2,27.32,26.96
11.22,27.36,26.98
11.24,27.52,27.0
11.26,27.58,27.02
11.28,27.84,27.04
11.3,28.14,27.06
11.32,28.2,27.18
11.34,28.22,27.2
11.36,28.24,27.22
11.38,28.26,27.5
11.4,28.28,27.52
11.42,28.3,27.54
11.44,28.32,27.56
11.46,28.34,27.58
11.48,28.36,27.62
11.5,28.38,27.88
11.52,28.58,28.08
11.54,28.6,28.1
11.56,28.62,28.12
11.58,28.64,28.14
11.6,28.66,28.16
11.62,28.68,28.18
11.64,28.7,28.2
11.66,28.72,28.22
11.68,28.74,28.24
11.7,28.76,28.26
11.72,28.82,28.28
11.74,28.96,28.36
11.76,28.98,28.52
11.78,29.0,28.62
11.8,29.12,28.64
11.82,29.14,28.66
11.84,29.16,28.68
11.86,29.18,28.7
11.88,29.2,28.72
11.9,29.22,28.74
11.92,29.24,28.76
11.94,29.26,28.78
11.96,29.28,28.8
11.98,29.3,28.82
12.0,29.32,28.84
12.02,29.34,28.86
12.04,29.36,28.88
12.06,29.38,28.9
12.08,29.4,28.92
12.1,29.42,28.94
12.12,29.44,28.96
12.14,29.46,28.98
12.16,29.48,29.0
12.18,29.5,29.02
12.2,29.52,29.04
12.22,29.54,29.06
12.24,29.56,29.08
12.26,29.58,29.32
12.28,31.74,30.02
12.3,31.76,30.1
12.32,31.78,30.12
12.34,31.8,30.14
12.36,31.82,30.16
12.38,31.84,30.18
12.4,31.86,30.2
12.42,31.88,30.22
12.44,31.9,30.24
12.46,31.92,30.3
12.48,31.94,30.34
12.5,31.96,30.5
12.52,31.98,30.52
12.54,32.0,30.8
12.56,32.02,30.84
12.58,32.04,30.86
12.6,32.06,30.88
12.62,32.08,30.92
12.64,32.1,30.94
12.66,32.12,30.96
12.68,32.14,30.98
12.7,32.16,31.1
12.72,32.18,31.12
12.74,32.2,31.16
12.76,32.22,31.22
12.78,32.24,31.42
12.8,32.26,31.44
12.82,32.28,31.48
12.84,32.3,31.62
12.86,32.32,31.64
12.88,32.34,31.66
12.9,32.36,31.68
12.92,32.38,31.7
12.94,32.4,31.72
12.96,32.42,31.74
12.98,32.44,31.76
13.0,32.46,31.78
13.02,32.48,32.38
13.04,32.5,32.4
13.06,32.52,32.42
13.08,32.54,32.44
13.1,32.56,32.46
13.12,32.58,32.48
13.14,32.6,32.5
13.16,32.62,32.52
13.18,32.64,32.54
13.2,32.66,32.56
13.22,32.68,32.58
13.24,32.7,32.6
13.26,32.72,32.64
13.28,32.94,32.66
13.3,32.96,32.68
13.32,32.98,32.7
13.34,33.0,32.72
13.36,33.02,32.74
13.38,33.04,32.78
13.4,33.26,33.0
13.42,33.28,33.06
13.44,33.32,33.18
13.46,33.34,33.2
13.48,33.36,33.22
13.5,33.48,33.26
13.52,33.7,33.38
13.54,33.72,33.4
13.56,33.74,33.42
13.58,33.76,33.44
13.6,33.78,33.46
13.62,33.8,33.48
13.64,33.82,33.5
13.66,33.84,33.52
13.68,33.86,33.54
13.7,33.88,33.56
13.72,33.9,33.58
13.74,33.92,33.6
13.76,33.94,33.62
13.78,33.96,33.64
13.8,33.98,33.66
13.82,34.0,33.68
13.84,34.02,33.7
13.86,34.04,33.72
13.88,34.06,33.74
13.9,34.08,33.76
13.92,34.54,33.78
13.94,34.56,34.0
13.96,34.58,34.02
13.98,34.6,34.04
14.0,34.64,34.38
14.02,34.66,34.42
14.04,34.68,34.46
14.06,34.7,34.48
14.08,34.72,34.5
14.1,34.74,34.52
14.12,34.76,34.54
14.14,34.78,34.56
14.16,34.8,34.58
14.18,35.12,34.6
14.2,35.14,34.62
14.22,35.18,34.64
14.24,35.2,34.66
14.26,35.28,34.92
14.28,35.34,34.94
14.3,35.36,34.96
14.32,35.38,34.98
14.34,35.48,35.0
14.36,35.5,35.02
14.38,35.54,35.32
14.4,35.82,35.52
14.42,35.84,35.54
14.44,35.86,35.56
14.46,35.88,35.58
14.48,35.9,35.6
14.5,35.92,35.62
14.52,35.94,35.64
14.54,35.96,35.66
14.56,35.98,35.68
14.58,36.0,35.7
14.6,36.02,35.74
14.62,36.04,35.76
14.64,36.26,35.78
14.66,36.28,35.8
14.68,36.32,35.82
14.7,36.34,35.84
14.72,36.36,35.86
14.74,36.38,35.88
14.76,36.48,35.9
14.78,36.64,36.22
14.8,36.84,36.24
14.82,37.02,36.34
14.84,37.04,36.36
14.86,37.06,36.38
14.88,37.08,36.4
14.9,37.1,36.42
14.92,37.12,36.44
14.94,37.14,36.46
14.96,37.16,36.54
14.98,37.22,36.74
15.0,37.24,36.78
15.02,37.3,36.8
15.04,37.36,37.12
15.06,37.42,37.14
15.08,37.44,37.16
15.1,37.54,37.18
15.12,37.56,37.2
15.14,37.58,37.22
15.16,37.7,37.24
15.18,37.72,37.26
15.2,37.74,37.28
15.22,37.76,37.34
15.24,37.78,37.36
15.26,37.8,37.4
15.28,37.82,37.42
15.3,37.98,37.64
15.32,38.0,37.66
15.34,38.04,37.68
15.36,38.06,37.72
15.38,38.14,37.74
15.4,38.2,37.76
15.42,38.22,37.78
15.44,38.24,37.8
15.46,38.26,37.82
15.48,38.38,37.84
15.5,38.4,37.86
15.52,38.6,37.88
15.54,38.62,37.9
15.56,38.64,37.92
15.58,38.66,37.94
15.6,38.68,37.96
15.62,38.7,38.04
15.64,38.72,38.06
15.66,38.74,38.08
15.68,38.76,38.1
15.7,38.78,38.12
15.72,38.82,38.14
15.74,38.84,38.54
15.76,39.02,38.62
15.78,39.04,38.64
15.8,39.5,38.66
15.82,39.52,38.68
15.84,39.54,38.7
15.86,39.56,38.72
15.88,39.58,38.78
15.9,39.6,38.8
15.92,39.62,38.82
15.94,39.64,38.86
15.96,39.66,39.26
15.98,39.68,39.28
16.0,39.7,39.3
16.02,39.72,39.32
16.04,39.74,39.34
16.06,39.84,39.36
16.08,39.86,39.38
16.1,39.88,39.42
16.12,40.1,39.44
16.14,40.12,39.62
16.16,40.26,39.64
16.18,40.28,39.66
16.2,40.3,39.68
16.22,40.32,39.7
16.24,40.36,39.72
16.26,40.38,39.9
16.28,40.42,39.92
16.3,40.44,40.06
16.32,40.46,40.16
16.34,40.48,40.18
16.36,40.52,40.22
16.38,40.68,40.24
16.4,40.88,40.36
16.42,40.9,40.38
16.44,40.92,40.4
16.46,40.94,40.42
16.48,40.96,40.44
16.5,40.98,40.46
16.52,41.0,40.48
16.54,41.02,40.5
16.56,41.04,40.52
16.58,41.06,40.54
16.6,41.08,40.56
16.62,41.1,40.58
16.64,41.12,40.6
16.66,41.14,40.62
16.68,41.16,40.64
16.7,41.18,40.66
16.72,41.2,40.68
16.74,41.22,40.7
16.76,41.24,40.72
16.78,41.88,41.04
16.8,41.9,41.06
16.82,41.92,41.08
16.84,41.94,41.1
16.86,41.96,41.12
16.88,41.98,41.16
16.9,42.0,41.18
16.92,42.02,41.4
16.94,42.48,41.42
16.96,42.5,41.44
16.98,42.56,41.46
17.0,42.68,41.82
17.02,42.7,41.84
17.04,42.72,41.9
17.06,42.74,41.92
17.08,42.76,41.96
17.1,42.78,42.02
17.12,42.8,42.04
17.14,42.92,42.06
17.16,42.94,42.08
17.18,42.96,42.12
17.2,43.0,42.18
17.22,43.02,42.3
17.24,43.04,42.32
17.26,43.12,42.42
17.28,43.36,42.44
17.3,43.4,42.46
17.32,43.42,42.48
17.34,43.44,42.54
17.36,43.48,42.56
17.38,43.5,42.64
17.4,43.7,42.72
17.42,43.74,42.84
17.44,43.78,42.86
17.46,43.8,42.88
17.48,43.84,42.9
17.5,43.9,42.92
17.52,43.92,42.94
17.54,44.3,43.16
17.56,44.32,43.18
17.58,44.34,43.2
17.6,44.36,43.22
17.62,44.38,43.24
17.64,44.4,43.26
17.66,44.42,43.28
17.68,44.44,43.3
17.7,44.46,43.32
17.72,44.48,43.34
17.74,44.5,43.36
17.76,44.56,43.48
17.78,44.62,43.5
17.8,44.76,43.52
17.82,44.78,43.54
17.84,44.8,43.56
17.86,44.82,43.58
17.88,44.84,43.6
17.9,44.86,43.62
17.92,44.88,43.64
17.94,44.9,43.66
17.96,44.92,43.68
17.98,45.04,43.8
18.0,45.12,44.16
18.02,45.16,44.2
18.04,45.32,44.34
18.06,45.34,44.36
18.08,45.36,44.38
18.1,45.38,44.4
18.12,45.4,44.42
18.14,45.42,44.44
18.16,45.44,44.46
18.18,45.46,44.48
18.2,45.48,44.5
18.22,45.66,44.58
18.24,45.78,44.68
18.26,45.82,44.8
18.28,45.88,44.82
18.3,46.0,44.84
18.32,46.02,44.86
18.34,46.06,44.88
18.36,46.08,44.9
18.38,46.12,44.92
18.4,46.14,45.04
18.42,46.16,45.18
18.44,46.18,45.2
18.46,46.2,45.22
18.48,46.24,45.24
18.5,46.32,45.26
18.52,46.34,45.28
18.54,46.7,45.48
18.56,46.72,45.5
18.58,46.74,45.52
18.6,46.76,45.54
18.62,46.78,45.56
18.64,46.8,45.58
18.66,46.82,45.6
18.68,46.84,45.62
18.7,46.86,45.64
18.72,46.9,45.66
18.74,46.94,45.68
18.76,47.02,45.9
18.78,47.16,45.92
18.8,47.18,45.94
18.82,47.2,45.96
18.84,47.22,45.98
18.86,47.24,46.0
18.88,47.26,46.02
18.9,47.28,46.04
18.92,47.3,46.06
18.94,47.32,46.08
18.96,47.36,46.1
18.98,47.54,46.14
19.0,47.6,46.38
19.02,47.62,46.4
19.04,47.78,46.42
19.06,47.8,46.44
19.08,47.82,46.46
19.1,47.84,46.48
19.12,47.86,46.72
19.14,47.88,46.74
19.16,47.9,46.76
19.18,47.92,46.78
19.2,47.94,46.8
19.22,48.1,47.0
19.24,48.12,47.04
19.26,48.22,47.08
19.28,48.36,47.26
19.3,48.38,47.28
19.32,48.4,47.3
19.34,48.42,47.32
19.36,48.44,47.36
19.38,48.46,47.38
19.4,48.5,47.4
19.42,48.66,47.5
19.44,48.68,47.52
19.46,48.7,47.54
19.48,48.72,47.56
19.5,48.84,47.58
19.52,48.88,47.62
19.54,48.9,47.84
19.56,48.92,47.86
19.58,48.94,47.88
19.6,48.96,47.9
19.62,48.98,47.92
19.64,49.0,47.94
19.66,49.02,47.96
19.68,49.04,47.98
19.7,49.06,48.0
19.72,49.32,48.06
19.74,49.4,48.1
19.76,49.42,48.14
19.78,49.46,48.28
19.8,49.62,48.4
19.82,49.64,48.42
19.84,49.66,48.44
19.86,49.68,48.46
19.88,49.7,48.48
19.9,49.72,48.5
19.92,49.74,48.52
19.94,49.76,48.54
19.96,49.78,48.56
19.98,49.8,48.58
20.0,49.96,48.74
20.02,50.06,48.8
20.04,50.24,48.96
20.06,50.36,48.98
20.08,50.38,49.0
20.1,50.4,49.02
20.12,50.42,49.04
20.14,50.44,49.06
20.16,50.46,49.08
20.18,50.48,49.1
20.2,50.52,49.12
20.22,50.58,49.2
20.24,50.62,49.3
20.26,50.84,49.36
20.28,50.86,49.38
20.3,50.88,49.42
20.32,50.9,49.44
20.34,50.92,49.56
20.36,50.94,49.58
20.38,50.96,49.66
20.4,51.02,49.68
20.42,51.16,49.7
20.44,51.18,49.72
20.46,51.2,49.74
20.48,51.22,49.76
20.5,51.3,49.78
20.52,51.38,49.9
20.54,51.4,50.12
20.56,51.42,50.14
20.58,51.44,50.16
20.6,51.46,50.18
20.62,51.48,50.2
20.64,51.5,50.22
20.66,51.52,50.24
20.68,51.54,50.26
20.7,51.56,50.28
20.72,51.66,50.36
20.74,51.86,50.42
20.76,51.92,50.46
20.78,52.0,50.48
20.8,52.06,50.5
20.82,52.08,50.52
20.84,52.1,50.54
20.86,52.12,50.56
20.88,52.14,50.58
20.9,52.16,50.6
20.92,52.18,50.62
20.94,52.2,50.64
20.96,52.22,50.66
20.98,52.52,50.68
21.0,52.64,50.84
21.02,52.66,50.86
21.04,52.96,50.92
21.06,53.02,50.94
21.08,53.04,50.96
21.1,53.22,50.98
21.12,53.24,51.0
21.14,53.26,51.08
21.16,53.28,51.12
21.18,53.3,51.14
21.2,53.32,51.16
21.22,53.34,51.18
21.24,53.36,51.34
21.26,53.38,51.44
21.28,53.8,51.8
21.3,53.82,51.82
21.32,53.84,51.84
21.34,53.86,51.86
21.36,53.88,51.88
21.38,53.9,51.9
21.4,53.92,51.92
21.42,53.94,51.94
21.44,53.96,51.96
21.46,53.98,51.98
21.48,54.0,52.14
21.5,54.16,52.18
21.52,54.88,52.26
21.54,54.9,52.54
21.56,54.92,52.66
21.58,54.94,52.82
21.6,54.96,52.86
21.62,54.98,52.88
21.64,55.0,52.9
21.66,55.02,52.92
21.68,55.08,52.94
21.7,55.2,52.96
21.72,55.22,52.98
21.74,55.24,53.0
21.76,55.26,53.1
21.78,55.28,53.12
21.8,55.3,53.14
21.82,55.32,53.16
21.84,55.34,53.18
21.86,55.36,53.2
21.88,55.38,53.22
21.9,55.4,53.24
21.92,55.42,53.26
21.94,55.44,53.28
21.96,55.46,53.3
21.98,55.48,53.4
22.0,55.56,53.42
22.02,56.04,53.68
22.04,56.12,54.16
22.06,56.14,54.18
22.08,56.16,54.2
22.1,56.18,54.22
22.12,56.2,54.24
22.14,56.3,54.26
22.16,56.32,54.28
22.18,56.48,54.3
22.2,56.52,54.32
22.22,56.54,54.34
22.24,56.64,54.36
22.26,56.66,54.38
22.28,56.68,54.4
22.3,56.7,54.42
22.32,56.72,54.44
22.34,56.74,54.46
22.36,56.76,54.48
22.38,56.78,54.5
22.4,56.8,54.52
22.42,56.82,54.54
22.44,56.84,54.56
22.46,56.86,54.58
22.48,57.02,54.6
22.5,57.18,54.62
22.52,57.2,54.66
22.54,57.28,54.74
22.56,57.3,54.76
22.58,57.4,54.84
22.6,57.42,54.86
22.62,57.44,54.88
22.64,57.46,54.9
22.66,57.48,54.92
22.68,57.5,54.96
22.7,57.52,54.98
22.72,57.54,55.0
22.74,57.64,55.02
22.76,57.74,55.22
22.78,58.18,55.4
22.8,58.2,55.42
22.82,58.22,55.44
22.84,58.24,55.46
22.86,58.26,55.48
22.88,58.28,55.5
22.9,58.3,55.52
22.92,58.32,55.54
22.94,58.34,55.56
22.96,58.36,55.58
22.98,58.4,55.6
23.0,58.42,55.82
23.02,58.5,55.86
23.04,58.52,55.88
23.06,58.54,55.9
23.08,58.56,55.92
23.1,58.58,55.94
23.12,58.6,55.96
23.14,58.62,55.98
23.16,58.68,56.0
23.18,58.7,56.02
23.2,58.72,56.04
23.22,58.76,56.06
23.24,58.78,56.08
23.26,58.8,56.1
23.28,59.68,56.54
23.3,59.7,56.56
23.32,59.72,56.58
23.34,59.74,56.6
23.36,59.76,56.62
23.38,59.78,56.64
23.4,59.8,56.66
23.42,59.82,56.68
23.44,59.86,56.7
23.46,59.88,56.72
23.48,59.9,56.74
23.5,59.98,57.0
23.52,60.12,57.04
23.54,60.14,57.1
23.56,60.16,57.12
23.58,60.18,57.14
23.6,60.2,57.16
23.62,60.22,57.18
23.64,60.24,57.2
23.66,60.26,57.22
23.68,60.28,57.24
23.7,60.3,57.26
23.72,60.32,57.38
23.74,60.34,57.46
23.76,60.36,57.62
23.78,60.84,57.84
23.8,60.86,57.86
23.82,60.88,57.88
23.84,60.9,57.9
23.86,60.92,57.92
23.88,60.94,57.94
23.9,60.96,58.22
23.92,60.98,58.24
23.94,61.0,58.26
23.96,61.02,58.28
23.98,61.14,58.3
24.0,61.28,58.36
24.02,62.56,59.1
24.04,62.58,59.18
24.06,62.6,59.2
24.08,62.62,59.22
24.1,62.64,59.24
24.12,62.66,59.26
24.14,62.68,59.28
24.16,62.7,59.3
24.18,62.72,59.32
24.2,62.74,59.34
24.22,62.76,59.36
24.24,62.78,59.38
24.26,62.8,59.4
24.28,62.82,59.42
24.3,62.84,59.44
24.32,62.86,59.46
24.34,62.88,59.48
24.36,62.9,59.5
24.38,62.92,59.52
24.4,62.94,59.54
24.42,62.96,59.56
24.44,62.98,59.58
24.46,63.0,59.6
24.48,63.02,59.62
24.5,63.04,59.64
24.52,63.1,59.7
24.54,63.24,59.76
24.56,63.26,59.94
24.58,63.28,59.96
24.6,63.3,59.98
24.62,63.32,60.0
24.64,63.34,60.02
24.66,63.36,60.04
24.68,63.38,60.06
24.7,63.4,60.08
24.72,63.54,60.1
24.74,63.7,60.12
24.76,63.72,60.18
24.78,63.92,60.24
24.8,64.26,60.64
24.82,64.28,60.66
24.84,64.3,60.68
24.86,64.32,60.7
24.88,64.34,60.72
24.9,64.36,60.74
24.92,64.38,60.76
24.94,64.4,60.78
24.96,64.42,60.8
24.98,64.44,60.82
25.0,64.48,60.9
25.02,64.92,61.06
25.04,65.8,61.64
25.06,65.82,61.66
25.08,65.84,61.68
25.1,65.86,61.7
25.12,65.88,61.72
25.14,65.9,61.74
25.16,65.92,61.76
25.18,65.94,61.78
25.2,65.96,61.8
25.22,65.98,61.82
25.24,66.0,61.84
25.26,66.02,61.86
25.28,66.04,61.88
25.3,66.06,61.9
25.32,66.08,61.92
25.34,66.1,61.94
25.36,66.12,61.96
25.38,66.14,61.98
25.4,66.16,62.0
25.42,66.18,62.02
25.44,66.22,62.04
25.46,66.24,62.06
25.48,66.26,62.08
25.5,66.28,62.1
25.52,66.32,62.2
25.54,66.4,62.32
25.56,66.44,62.34
25.58,66.46,62.36
25.6,66.48,62.38
25.62,66.54,62.4
25.64,66.56,62.42
25.66,66.58,62.44
25.68,66.6,62.46
25.7,66.62,62.48
25.72,66.64,62.52
25.74,66.66,62.58
25.76,66.68,62.66
25.78,66.76,62.68
25.8,66.78,62.7
25.82,66.82,62.72
25.84,66.84,62.76
25.86,66.86,62.78
25.88,67.04,63.12
25.9,67.06,63.14
25.92,67.08,63.16
25.94,67.1,63.18
25.96,67.22,63.2
25.98,67.24,63.22
26.0,67.28,63.24
26.02,67.66,63.74
26.04,67.68,63.76
26.06,67.7,63.82
26.08,67.72,63.84
26.1,67.74,63.86
26.12,67.78,63.88
26.14,67.8,63.9
26.16,67.82,63.92
26.18,67.88,63.94
26.2,67.98,63.96
26.22,68.0,63.98
26.24,68.06,64.0
26.26,68.08,64.02
26.28,68.28,64.14
26.3,68.3,64.16
26.32,68.5,64.18
26.34,68.58,64.2
26.36,68.6,64.22
26.38,68.62,64.24
26.4,68.64,64.26
26.42,68.66,64.28
26.44,68.68,64.3
26.46,68.7,64.32
26.48,68.72,64.34
26.5,68.74,64.36
26.52,68.88,64.44
26.54,68.96,64.62
26.56,69.24,64.64
26.58,69.26,64.66
26.6,69.28,64.68
26.62,69.3,64.7
26.64,69.32,64.72
26.66,69.34,64.74
26.68,69.36,64.76
26.7,69.38,64.78
26.72,69.4,64.82
26.74,69.48,64.98
26.76,69.64,65.0
26.78,69.7,65.22
26.8,69.72,65.24
26.82,69.76,65.26
26.84,69.98,65.28
26.86,70.0,65.3
26.88,70.02,65.32
26.9,70.04,65.34
26.92,70.06,65.36
26.94,70.08,65.44
26.96,70.1,65.48
26.98,70.12,65.5
27.0,70.14,65.52
27.02,70.18,65.6
27.04,70.36,65.8
27.06,70.38,65.82
27.08,70.4,65.84
27.1,70.42,65.86
27.12,70.44,65.88
27.14,70.46,65.9
27.16,70.48,65.92
27.18,70.5,65.94
27.2,70.52,65.96
27.22,70.54,65.98
27.24,70.56,66.0
27.26,70.9,66.14
27.28,70.96,66.24
27.3,70.98,66.26
27.32,71.0,66.28
27.34,71.02,66.3
27.36,71.06,66.32
27.38,71.08,66.34
27.4,71.1,66.36
27.42,71.12,66.38
27.44,71.14,66.4
27.46,71.18,66.42
27.48,71.26,66.44
27.5,71.3,66.46
27.52,71.96,66.78
27.54,72.04,67.0
27.56,72.06,67.02
27.58,72.08,67.12
27.6,72.1,67.14
27.62,72.12,67.2
27.64,72.14,67.22
27.66,72.2,67.24
27.68,72.22,67.26
27.7,72.24,67.42
27.72,72.26,67.46
27.74,72.44,67.5
27.76,72.56,67.54
27.78,72.76,68.04
27.8,72.96,68.06
27.82,72.98,68.08
27.84,73.0,68.1
27.86,73.02,68.12
27.88,73.04,68.14
27.9,73.38,68.16
27.92,73.4,68.18
27.94,73.42,68.2
27.96,73.44,68.24
27.98,73.46,68.26
28.0,73.74,68.28
28.02,74.66,68.36
28.04,75.48,68.38
28.06,75.5,68.4
28.08,75.52,68.42
28.1,75.54,68.44
28.12,75.56,68.46
28.14,75.58,68.48
28.16,75.6,68.5
28.18,75.62,68.52
28.2,75.64,68.58
28.22,75.88,68.6
28.24,75.9,68.62
28.26,76.0,68.64
28.28,76.02,69.26
28.3,76.04,69.28
28.32,76.06,69.3
28.34,76.08,69.38
28.36,76.1,69.4
28.38,76.12,69.42
28.4,76.14,69.44
28.42,76.16,69.46
28.44,76.18,69.5
28.46,76.2,69.52
28.48,76.22,69.6
28.5,76.24,69.62
28.52,76.26,69.64
28.54,76.28,69.66
28.56,76.3,69.68
28.58,76.32,69.7
28.6,76.34,69.72
28.62,76.36,69.74
28.64,76.38,69.76
28.66,76.4,69.78
28.68,76.42,69.8
28.7,76.44,69.82
28.72,76.46,69.84
28.74,76.48,69.86
28.76,76.68,69.9
28.78,76.74,70.18
28.8,76.76,70.2
28.82,76.78,70.26
28.84,76.8,70.28
28.86,76.82,70.3
28.88,76.84,70.4
28.9,76.86,70.42
28.92,76.88,70.44
28.94,76.9,70.46
28.96,76.92,70.72
28.98,76.96,70.78
29.0,77.0,70.82
29.02,77.02,70.84
29.04,77.04,70.86
29.06,77.06,70.88
29.08,77.08,70.9
29.1,77.1,70.92
29.12,77.12,70.94
29.14,77.14,70.96
29.16,77.16,70.98
29.18,77.18,71.0
29.2,77.2,71.02
29.22,77.22,71.04
29.24,77.24,71.08
29.26,77.26,71.1
29.28,77.44,71.3
29.3,77.46,71.32
29.32,77.48,71.44
29.34,77.5,71.46
29.36,77.52,71.48
29.38,77.54,71.5
29.4,77.56,71.52
29.42,77.58,71.54
29.44,77.6,71.56
29.46,77.62,71.58
29.48,77.7,71.6
29.5,77.86,71.62
29.52,77.92,71.76
29.54,78.08,71.96
29.56,78.1,71.98
29.58,78.12,72.0
29.6,78.14,72.02
29.62,78.16,72.04
29.64,78.18,72.06
29.66,78.2,72.08
29.68,78.22,72.1
29.7,78.24,72.12
29.72,78.26,72.18
29.74,78.6,72.28
29.76,78.62,72.3
29.78,79.1,72.66
29.8,79.12,72.68
29.82,79.14,72.7
29.84,79.16,72.72
29.86,79.18,72.74
29.88,79.22,72.76
29.9,79.24,72.78
29.92,79.26,72.8
29.94,79.28,72.82
29.96,79.48,72.84
29.98,79.5,72.86
30.0,79.52,72.88
30.02,79.54,72.98
30.04,79.76,73.24
30.06,79.78,73.26
30.08,79.8,73.28
30.1,79.82,73.3
30.12,79.84,73.36
30.14,79.86,73.6
30.16,79.88,73.62
30.18,79.9,73.64
30.2,79.92,73.66
30.22,79.94,73.68
30.24,79.96,73.72
30.26,80.28,73.76
30.28,80.3,73.8
30.3,80.4,73.82
30.32,80.42,73.86
30.34,80.44,73.9
30.36,80.52,73.92
30.38,80.54,73.94
30.4,80.58,74.02
30.42,80.66,74.16
30.44,80.72,74.18
30.46,80.92,74.2
30.48,80.94,74.22
30.5,80.98,74.26
30.52,81.0,74.62
30.54,81.02,74.64
30.56,81.04,74.66
30.58,81.06,74.68
30.6,81.08,74.7
30.62,81.1,74.72
30.64,81.12,74.74
30.66,81.14,74.76
30.68,81.16,74.78
30.7,81.18,74.8
30.72,81.2,74.82
30.74,81.22,74.9
30.76,81.26,75.2
30.78,81.94,75.22
30.8,81.96,75.24
30.82,81.98,75.26
30.84,82.04,75.28
30.86,82.06,75.3
30.88,82.08,75.32
30.9,82.1,75.34
30.92,82.12,75.36
30.94,82.14,75.38
30.96,82.16,75.4
30.98,82.18,75.42
31.0,82.38,75.44
31.02,82.84,75.46
31.04,82.86,75.48
31.06,82.88,75.5
31.08,82.9,75.52
31.1,82.92,75.54
31.12,82.94,75.56
31.14,82.96,75.58
31.16,82.98,75.6
31.18,83.0,75.62
31.2,83.02,75.64
31.22,83.04,75.66
31.24,83.06,75.68
31.26,83.08,75.7
31.28,83.1,75.72
31.3,83.12,75.74
31.32,83.14,75.76
31.34,83.16,75.78
31.36,83.18,75.8
31.38,83.2,76.34
31.4,83.24,76.44
31.42,83.26,76.46
31.44,83.28,76.48
31.46,83.3,76.5
31.48,83.32,76.52
31.5,83.34,76.54
31.52,83.72,76.58
31.54,83.74,76.6
31.56,83.8,76.62
31.58,83.82,76.64
31.6,83.84,76.66
31.62,83.86,76.7
31.64,83.88,76.72
31.66,83.9,76.74
31.68,84.02,76.76
31.7,84.04,76.8
31.72,84.06,76.82
31.74,84.16,76.86
31.76,84.2,76.88
31.78,84.28,77.32
31.8,84.34,77.34
31.82,84.38,77.36
31.84,84.4,77.38
31.86,84.42,77.4
31.88,84.44,77.42
31.9,84.46,77.44
31.92,84.56,77.76
31.94,84.66,77.78
31.96,84.68,77.8
31.98,84.7,77.82
32.0,84.76,77.84
32.02,84.88,77.92
32.04,85.02,78.14
32.06,85.04,78.16
32.08,85.06,78.36
32.1,85.08,78.38
32.12,85.1,78.4
32.14,85.14,78.42
32.16,85.16,78.44
32.18,85.18,78.46
32.2,85.2,78.48
32.22,85.22,78.52
32.24,85.26,78.54
32.26,85.52,78.56
32.28,85.56,78.58
32.3,85.58,78.6
32.32,85.6,78.62
32.34,85.62,78.64
32.36,85.8,78.66
32.38,85.82,78.68
32.4,86.16,78.76
32.42,86.18,78.96
32.44,86.2,78.98
32.46,86.22,79.0
32.48,86.24,79.02
32.5,86.26,79.04
32.52,86.28,79.28
32.54,86.3,79.3
32.56,86.32,79.34
32.58,86.36,79.36
32.6,86.38,79.38
32.62,86.4,79.4
32.64,86.42,79.42
32.66,86.44,79.46
32.68,86.46,79.48
32.7,86.48,79.9
32.72,86.5,79.92
32.74,86.52,79.94
32.76,86.54,79.96
32.78,87.06,79.98
32.8,87.08,80.0
32.82,87.1,80.02
32.84,87.12,80.04
32.86,87.14,80.06
32.88,87.16,80.08
32.9,87.18,80.1
32.92,87.2,80.12
32.94,87.22,80.14
32.96,87.24,80.16
32.98,87.26,80.18
33.0,87.36,80.22
33.02,87.62,80.24
33.04,87.64,80.26
33.06,87.66,80.28
33.08,87.68,80.3
33.1,87.7,80.32
33.12,87.72,80.34
33.14,87.92,80.76
33.16,87.94,80.78
33.18,87.96,80.8
33.2,87.98,80.82
33.22,88.0,80.84
33.24,88.02,80.86
33.26,88.04,80.88
33.28,88.1,80.9
33.3,88.12,81.04
33.32,88.14,81.06
33.34,88.16,81.08
33.36,88.18,81.1
33.38,88.2,81.12
33.4,88.48,81.18
33.42,88.5,81.2
33.44,88.52,81.22
33.46,88.54,81.24
33.48,88.56,81.26
33.5,88.6,81.28
33.52,88.72,81.32
33.54,88.74,81.68
33.56,88.76,81.7
33.58,88.78,81.72
33.6,88.8,81.74
33.62,88.82,81.76
33.64,88.84,81.78
33.66,88.86,81.8
33.68,88.88,81.82
33.7,88.9,81.84
33.72,88.92,81.9
33.74,89.0,81.92
33.76,89.16,82.04
33.78,89.58,82.08
33.8,89.6,82.1
33.82,89.62,82.12
33.84,89.64,82.14
33.86,89.68,82.16
33.88,89.7,82.18
33.9,89.72,82.5
33.92,89.74,82.52
33.94,89.76,82.54
33.96,89.78,82.62
33.98,89.8,82.64
34.0,89.82,82.74
34.02,90.1,82.78
34.04,90.24,82.8
34.06,90.26,82.82
34.08,90.28,82.84
34.1,90.3,82.98
34.12,90.34,83.04
34.14,90.36,83.06
34.16,90.38,83.1
34.18,90.4,83.12
34.2,90.42,83.2
34.22,90.44,83.22
34.24,90.46,83.24
34.26,90.48,83.26
34.28,90.5,83.38
34.3,90.52,83.4
34.32,90.54,83.42
34.34,90.56,83.44
34.36,90.74,83.46
34.38,90.76,83.48
34.4,91.16,83.5
34.42,91.18,83.52
34.44,91.2,83.54
34.46,91.22,83.56
34.48,91.24,83.58
34.5,91.26,83.6
34.52,91.28,83.78
34.54,91.3,83.82
34.56,91.32,83.84
34.58,91.34,83.86
34.6,91.36,83.88
34.62,91.38,83.9
34.64,91.4,83.92
34.66,91.42,83.94
34.68,91.44,83.96
34.7,91.52,83.98
34.72,91.54,84.0
34.74,91.56,84.02
34.76,91.58,84.04
34.78,92.0,84.06
34.8,92.02,84.08
34.82,92.04,84.1
34.84,92.06,84.12
34.86,92.08,84.14
34.88,92.12,84.16
34.9,92.14,84.18
34.92,92.16,84.2
34.94,92.18,84.22
34.96,92.2,84.24
34.98,92.22,84.26
35.0,92.24,84.28
35.02,92.32,84.88
35.04,92.34,84.9
35.06,92.36,84.92
35.08,92.38,84.96
35.1,92.4,85.02
35.12,92.42,85.04
35.14,92.44,85.06
35.16,92.46,85.08
35.18,92.52,85.1
35.2,92.54,85.12
35.22,92.56,85.16
35.24,92.58,85.18
35.26,92.6,85.2
35.28,92.62,85.22
35.3,92.74,85.26
35.32,92.76,85.28
35.34,92.78,85.3
35.36,92.9,85.32
35.38,93.06,85.34
35.4,93.34,85.78
35.42,93.36,86.0
35.44,93.38,86.02
35.46,93.4,86.04
35.48,93.42,86.06
35.5,93.44,86.08
35.52,93.5,86.1
35.54,93.66,86.38
35.56,93.68,86.4
35.58,93.7,86.42
35.6,93.72,86.44
35.62,93.74,86.46
35.64,93.76,86.48
35.66,93.78,86.5
35.68,93.84,86.52
35.7,93.86,86.54
35.72,93.98,86.58
35.74,94.0,86.62
35.76,94.02,86.64
35.78,94.18,86.88
35.8,94.4,86.9
35.82,94.42,86.92
35.84,94.46,86.94
35.86,94.48,86.98
35.88,94.5,87.0
35.9,94.52,87.02
35.92,94.54,87.04
35.94,94.56,87.06
35.96,94.6,87.08
35.98,94.62,87.16
36.0,94.66,87.2
36.02,95.02,87.22
36.04,95.04,87.6
36.06,95.06,87.62
36.08,95.08,87.64
36.1,95.1,87.66
36.12,95.12,87.68
36.14,95.14,87.7
36.16,95.16,87.72
36.18,95.18,87.74
36.2,95.2,87.76
36.22,95.22,87.78
36.24,95.24,87.8
36.26,95.26,87.82
36.28,95.4,88.2
36.3,95.52,88.22
36.32,95.54,88.24
36.34,95.56,88.26
36.36,95.58,88.28
36.38,95.6,88.3
36.4,95.84,88.32
36.42,95.86,88.34
36.44,95.88,88.36
36.46,95.9,88.38
36.48,95.92,88.4
36.5,95.94,88.42
36.52,95.96,88.78
36.54,96.16,88.8
36.56,96.18,88.82
36.58,96.32,88.84
36.6,96.34,88.86
36.62,96.4,88.88
36.64,96.42,88.9
36.66,96.44,88.92
36.68,96.46,88.94
36.7,96.48,88.96
36.72,96.5,88.98
36.74,96.52,89.0
36.76,96.54,89.02
36.78,96.82,89.1
36.8,96.84,89.12
36.82,96.88,89.14
36.84,96.9,89.2
36.86,96.92,89.24
36.88,96.94,89.26
36.9,97.08,89.48
36.92,97.1,89.5
36.94,97.12,89.52
36.96,97.14,89.54
36.98,97.16,89.56
37.0,97.18,89.58
37.02,97.2,90.18
37.04,97.22,90.2
37.06,97.24,90.22
37.08,97.26,90.24
37.1,97.28,90.26
37.12,97.3,90.28
37.14,97.32,90.3
37.16,97.34,90.32
37.18,97.36,90.34
37.2,97.38,90.36
37.22,97.4,90.38
37.24,97.42,90.4
37.26,97.44,90.42
37.28,97.46,90.44
37.3,97.48,90.46
37.32,97.5,90.48
37.34,97.52,90.5
37.36,97.54,90.52
37.38,97.56,90.54
37.4,98.18,90.56
37.42,98.62,90.6
37.44,98.64,90.62
37.46,98.66,90.64
37.48,98.68,90.7
37.5,98.76,90.72
37.52,98.78,90.82
37.54,98.8,90.98
37.56,98.82,91.0
37.58,98.84,91.02
37.6,98.86,91.04
37.62,98.88,91.06
37.64,98.9,91.08
37.66,98.92,91.12
37.68,98.94,91.14
37.7,98.96,91.16
37.72,98.98,91.18
37.74,99.0,91.24
37.76,99.02,91.26
37.78,99.46,91.8
37.8,99.48,91.82
37.82,99.5,91.84
37.84,99.52,91.86
37.86,99.54,91.88
37.88,99.56,91.9
37.9,99.58,91.92
37.92,99.6,91.94
37.94,99.62,91.96
37.96,99.64,91.98
37.98,99.66,92.0
38.0,99.68,92.02
38.02,99.72,92.34
38.04,100.1,92.42
38.06,100.12,92.44
38.08,100.14,92.46
38.1,100.16,92.48
38.12,100.18,92.5
38.14,100.2,92.52
38.16,100.22,92.54
38.18,100.24,92.56
38.2,100.26,92.58
38.22,100.28,92.6
38.24,100.3,92.62
38.26,100.32,92.66
38.28,100.34,92.74
38.3,100.36,92.76
38.32,100.38,92.78
38.34,100.4,92.8
38.36,100.42,92.86
38.38,100.46,92.88
38.4,100.84,93.06
38.42,100.86,93.12
38.44,100.88,93.14
38.46,100.9,93.16
38.48,100.94,93.2
38.5,101.02,93.22
38.52,101.1,93.28
38.54,101.24,93.58
38.56,101.26,93.6
38.58,101.34,93.62
38.6,101.36,93.64
38.62,101.4,93.66
38.64,101.5,93.68
38.66,101.52,93.7
38.68,101.54,93.72
38.7,101.56,93.74
38.72,101.58,93.78
38.74,101.6,93.8
38.76,101.64,93.82
38.78,101.74,94.02
38.8,101.78,94.2
38.82,101.82,94.24
38.84,102.02,94.28
38.86,102.04,94.3
38.88,102.06,94.32
38.9,102.08,94.34
38.92,102.1,94.36
38.94,102.12,94.38
38.96,102.14,94.4
38.98,102.18,94.42
39.0,102.22,94.46
39.02,103.46,94.68
39.04,103.56,95.76
39.06,103.58,95.78
39.08,103.6,95.8
39.1,103.62,95.82
39.12,103.64,95.84
39.14,103.66,95.86
39.16,103.68,95.88
39.18,103.7,95.9
39.2,103.72,95.92
39.22,103.74,95.94
39.24,103.76,95.96
39.26,103.78,95.98
39.28,103.8,96.06
39.3,103.82,96.08
39.32,103.84,96.1
39.34,103.86,96.12
39.36,103.88,96.14
39.38,103.9,96.16
39.4,103.92,96.18
39.42,103.94,96.2
39.44,103.96,96.22
39.46,103.98,96.24
39.48,104.0,96.26
39.5,104.02,96.28
39.52,104.04,96.3
39.54,104.06,96.32
39.56,104.08,96.34
39.58,104.1,96.36
39.6,104.12,96.38
39.62,104.14,96.4
39.64,104.16,96.42
39.66,104.26,96.44
39.68,104.28,96.46
39.7,104.3,96.48
39.72,104.32,96.5
39.74,104.34,96.52
39.76,104.36,96.74
39.78,104.38,96.76
39.8,104.4,96.78
39.82,104.42,96.8
39.84,104.44,96.82
39.86,104.46,96.84
39.88,104.48,96.86
39.9,104.5,96.88
39.92,104.52,96.9
39.94,104.54,96.92
39.96,104.56,96.94
39.98,104.58,96.98
40.0,104.72,97.0
40.02,104.82,97.34
40.04,104.94,97.88
40.06,104.96,97.9
40.08,104.98,97.92
40.1,105.0,97.94
40.12,105.02,97.96
40.14,105.04,97.98
40.16,105.06,98.0
40.18,105.08,98.02
40.2,105.1,98.04
40.22,105.12,98.06
40.24,105.14,98.08
40.26,105.36,98.18
40.28,105.46,98.22
40.3,105.48,98.24
40.32,105.5,98.26
40.34,105.52,98.28
40.36,105.66,98.3
40.38,105.7,98.36
40.4,105.84,98.4
40.42,105.86,98.82
40.44,105.88,98.84
40.46,105.9,98.86
40.48,105.92,98.88
40.5,105.94,98.9
40.52,105.96,99.04
40.54,105.98,99.06
40.56,106.0,99.1
40.58,106.02,99.12
40.6,106.04,99.14
40.62,106.18,99.16
40.64,106.2,99.18
40.66,106.3,99.2
40.68,106.32,99.22
40.7,106.34,99.24
40.72,106.36,99.28
40.74,106.38,99.3
40.76,106.4,99.32
40.78,106.78,99.4
40.8,106.8,99.44
40.82,106.82,99.46
40.84,106.84,99.48
40.86,106.86,99.74
40.88,106.88,99.76
40.9,106.9,99.78
40.92,106.92,99.8
40.94,106.94,99.82
40.96,106.96,99.84
40.98,106.98,99.86
41.0,107.0,99.9
41.02,107.28,99.94
41.04,107.3,100.06
41.06,107.32,100.08
41.08,107.34,100.1
41.1,107.36,100.12
41.12,107.44,100.14
41.14,107.46,100.16
41.16,107.48,100.18
41.18,107.52,100.2
41.2,107.62,100.22
41.22,107.66,100.26
41.24,107.68,100.28
41.26,107.7,100.3
41.28,107.82,100.32
41.3,107.84,100.34
41.32,107.88,100.4
41.34,107.9,100.54
41.36,107.92,100.82
41.38,107.98,100.84
41.4,108.0,100.86
41.42,108.02,100.88
41.44,108.12,101.06
41.46,108.28,101.08
41.48,108.3,101.12
41.5,108.32,101.14
41.52,108.42,101.16
41.54,108.44,101.18
41.56,108.46,101.2
41.58,108.48,101.22
41.6,108.52,101.24
41.62,108.54,101.26
41.64,108.56,101.28
41.66,108.58,101.3
41.68,108.6,101.38
41.7,108.62,101.4
41.72,108.64,101.42
41.74,108.66,101.64
41.76,108.68,101.66
41.78,108.76,101.68
41.8,108.78,101.7
41.82,108.8,101.72
41.84,108.82,101.74
41.86,108.94,101.76
41.88,109.16,101.78
41.9,109.22,101.8
41.92,109.38,101.82
41.94,109.4,101.84
41.96,109.42,101.86
41.98,109.44,101.88
42.0,109.46,101.9
42.02,109.58,102.3
42.04,109.6,102.34
42.06,109.62,102.36
42.08,109.74,102.4
42.1,109.86,102.56
42.12,109.88,102.58
42.14,109.9,102.78
42.16,109.92,102.8
42.18,109.94,102.82
42.2,109.96,102.84
42.22,109.98,102.86
42.24,110.02,102.88
42.26,110.04,102.94
42.28,110.06,102.96
42.3,110.08,102.98
42.32,110.1,103.0
42.34,110.24,103.04
42.36,110.26,103.08
42.38,110.28,103.14
42.4,110.68,103.22
42.42,110.72,103.4
42.44,110.74,103.42
42.46,110.76,103.44
42.48,110.78,103.46
42.5,110.8,103.48
42.52,110.82,103.7
42.54,110.84,103.72
42.56,110.88,103.74
42.58,110.9,103.76
42.6,110.92,103.78
42.62,110.94,103.8
42.64,110.96,103.82
42.66,110.98,103.84
42.68,111.0,103.86
42.7,111.02,103.88
42.72,111.04,103.9
42.74,111.06,103.92
42.76,111.12,104.24
42.78,111.46,104.34
42.8,111.48,104.36
42.82,111.5,104.38
42.84,111.52,104.4
42.86,111.54,104.42
42.88,111.56,104.44
42.9,111.58,104.46
42.92,111.6,104.48
42.94,111.72,104.5
42.96,111.74,104.52
42.98,111.76,104.56
43.0,111.78,104.64
43.02,112.12,104.96
43.04,112.14,104.98
43.06,112.16,105.0
43.08,112.18,105.02
43.1,112.2,105.04
43.12,112.22,105.06
43.14,112.24,105.2
43.16,112.26,105.22
43.18,112.28,105.24
43.2,112.3,105.26
43.22,112.32,105.28
43.24,112.34,105.3
43.26,112.36,105.32
43.28,112.82,105.38
43.3,112.84,105.54
43.32,112.86,105.56
43.34,112.88,105.58
43.36,112.9,105.6
43.38,112.92,105.62
43.4,112.94,105.64
43.42,113.12,105.66
43.44,113.14,105.68
43.46,113.16,105.7
43.48,113.2,105.72
43.5,113.22,105.74
43.52,113.24,105.76
43.54,113.26,105.78
43.56,113.28,105.8
43.58,113.3,105.82
43.6,113.32,105.84
43.62,113.34,105.86
43.64,113.36,105.88
43.66,113.38,105.9
43.68,113.4,105.92
43.7,113.42,105.98
43.72,113.44,106.0
43.74,113.46,106.02
43.76,113.48,106.54
43.78,113.98,106.56
43.8,114.0,106.58
43.82,114.04,106.6
43.84,114.08,106.62
43.86,114.1,106.64
43.88,114.12,106.66
43.9,114.24,106.68
43.92,114.26,107.0
43.94,114.3,107.02
43.96,114.32,107.06
43.98,114.34,107.08
44.0,114.38,107.22
44.02,114.52,107.28
44.04,114.54,107.3
44.06,114.56,107.32
44.08,114.58,107.34
44.1,114.6,107.36
44.12,114.62,107.38
44.14,114.64,107.4
44.16,114.66,107.42
44.18,114.68,107.64
44.2,114.7,107.78
44.22,114.72,107.8
44.24,114.74,107.82
44.26,114.78,107.84
44.28,114.8,108.04
44.3,114.82,108.06
44.32,114.84,108.08
44.34,114.96,108.1
44.36,114.98,108.12
44.38,115.0,108.14
44.4,115.1,108.16
44.42,115.2,108.18
44.44,115.22,108.24
44.46,115.24,108.38
44.48,115.26,108.4
44.5,115.28,108.42
44.52,115.54,108.68
44.54,115.56,108.7
44.56,115.58,108.72
44.58,115.6,108.76
44.6,115.62,108.78
44.62,115.64,108.8
44.64,115.7,108.82
44.66,115.74,108.84
44.68,115.82,108.86
44.7,115.84,108.88
44.72,115.86,108.9
44.74,115.94,108.92
44.76,115.96,108.94
44.78,116.12,108.96
44.8,116.18,109.16
44.82,116.2,109.2
44.84,116.22,109.22
44.86,116.24,109.24
44.88,116.26,109.26
44.9,116.32,109.32
44.92,116.34,109.34
44.94,116.36,109.36
44.96,116.38,109.38
44.98,116.48,109.44
45.0,116.5,109.46
45.02,116.58,109.5
45.04,116.6,109.54
45.06,116.62,109.56
45.08,116.66,109.64
45.1,116.68,109.66
45.12,116.7,109.68
45.14,116.72,109.78
45.16,116.84,109.8
45.18,116.86,109.82
45.2,116.9,109.92
45.22,116.92,109.94
45.24,117.04,109.96
45.26,117.06,109.98
45.28,117.2,110.02
45.3,117.24,110.24
45.32,117.32,110.26
45.34,117.34,110.28
45.36,117.36,110.3
45.38,117.38,110.32
45.4,117.68,110.36
45.42,117.7,110.42
45.44,117.72,110.54
45.46,117.74,110.56
45.48,117.76,110.58
45.5,117.78,110.6
45.52,117.82,110.74
45.54,118.06,110.92
45.56,118.08,110.94
45.58,118.1,110.96
45.6,118.12,110.98
45.62,118.14,111.06
45.64,118.18,111.08
45.66,118.22,111.1
45.68,118.24,111.12
45.7,118.26,111.14
45.72,118.28,111.16
45.74,118.3,111.18
45.76,118.34,111.2
45.78,118.7,111.5
45.8,118.72,111.52
45.82,118.74,111.54
45.84,118.76,111.56
45.86,118.78,111.58
45.88,118.8,111.6
45.9,118.82,111.62
45.92,118.84,111.64
45.94,118.86,111.66
45.96,118.88,111.68
45.98,118.9,111.7
46.0,118.98,111.72
46.02,119.06,111.88
46.04,119.4,112.16
46.06,119.42,112.18
46.08,119.44,112.2
46.1,119.46,112.22
46.12,119.48,112.24
46.14,119.5,112.26
46.16,119.52,112.28
46.18,119.54,112.3
46.2,119.56,112.32
46.22,119.58,112.34
46.24,119.6,112.36
46.26,119.62,112.38
46.28,119.76,112.4
46.3,119.78,112.42
46.32,119.8,112.44
46.34,119.82,112.46
46.36,119.84,112.58
46.38,119.92,112.72
46.4,120.0,112.86
46.42,120.14,112.88
46.44,120.16,112.9
46.46,120.18,112.92
46.48,120.2,112.94
46.5,120.22,112.96
46.52,120.26,113.02
46.54,120.64,113.34
46.56,120.68,113.38
46.58,120.7,113.42
46.6,120.72,113.44
46.62,120.74,113.46
46.64,120.76,113.48
46.66,120.78,113.5
46.68,120.8,113.52
46.7,120.82,113.54
46.72,120.84,113.56
46.74,120.86,113.58
46.76,120.88,113.6
46.78,121.12,113.7
46.8,121.14,113.9
46.82,121.16,114.0
46.84,121.18,114.02
46.86,121.22,114.04
46.88,121.24,114.1
46.9,121.46,114.12
46.92,121.5,114.14
46.94,121.52,114.16
46.96,121.54,114.18
46.98,121.56,114.2
47.0,121.6,114.22
47.02,122.7,114.28
47.04,122.72,114.34
47.06,122.74,114.36
47.08,122.76,114.38
47.1,122.78,114.4
47.12,122.8,114.42
47.14,122.82,114.44
47.16,122.84,114.46
47.18,122.86,114.5
47.2,122.88,114.66
47.22,122.9,114.68
47.24,122.92,114.7
47.26,122.94,114.72
47.28,122.96,114.82
47.3,122.98,114.84
47.32,123.0,114.86
47.34,123.02,114.88
47.36,123.04,114.9
47.38,123.06,114.92
47.4,123.08,114.96
47.42,123.1,115.28
47.44,123.12,115.32
47.46,123.14,115.34
47.48,123.16,115.36
47.5,123.18,115.38
47.52,123.2,115.44
47.54,123.24,115.66
47.56,123.26,115.68
47.58,123.28,115.7
47.6,123.3,115.72
47.62,123.32,115.74
47.64,123.34,115.76
47.66,123.36,115.82
47.68,123.38,115.86
47.7,123.4,115.88
47.72,123.42,115.9
47.74,123.44,115.92
47.76,123.5,116.0
47.78,123.96,116.42
47.8,123.98,116.44
47.82,124.0,116.46
47.84,124.02,116.48
47.86,124.04,116.5
47.88,124.06,116.52
47.9,124.08,116.54
47.92,124.1,116.56
47.94,124.12,116.58
47.96,124.14,116.6
47.98,124.16,116.62
48.0,124.26,116.64
48.02,124.32,117.04
48.04,124.78,117.06
48.06,124.8,117.08
48.08,124.82,117.1
48.1,124.84,117.12
48.12,124.86,117.14
48.14,124.88,117.16
48.16,124.9,117.18
48.18,124.92,117.2
48.2,124.94,117.22
48.22,124.96,117.24
48.24,124.98,117.26
48.26,125.04,117.28
48.28,125.14,117.32
48.3,125.26,117.34
48.32,125.28,117.44
48.34,125.32,117.46
48.36,125.34,117.48
48.38,125.42,117.66
48.4,125.76,117.7
48.42,125.78,117.74
48.44,125.8,117.8
48.46,125.82,117.82
48.48,125.84,117.84
48.5,125.86,117.86
48.52,125.9,117.88
48.54,126.8,117.9
48.56,126.82,117.92
48.58,126.84,117.94
48.6,126.86,117.96
48.62,126.88,117.98
48.64,126.9,118.0
48.66,126.92,118.02
48.68,126.94,118.04
48.7,126.96,118.06
48.72,126.98,118.08
48.74,127.0,118.1
48.76,127.02,118.12
48.78,127.04,118.14
48.8,127.26,118.16
48.82,127.28,118.18
48.84,127.3,118.2
48.86,127.32,118.22
48.88,127.34,118.24
48.9,127.36,118.26
48.92,127.38,118.28
48.94,127.4,118.3
48.96,127.42,118.32
48.98,127.44,118.34
49.0,127.52,118.36
49.02,127.98,121.66
49.04,128.28,121.86
49.06,128.3,121.88
49.08,128.32,121.9
49.1,128.36,121.92
49.12,128.38,121.94
49.14,128.42,121.96
49.16,128.44,121.98
49.18,128.46,122.0
49.2,128.54,122.02
49.22,128.56,122.04
49.24,128.6,122.06
49.26,128.62,122.08
49.28,128.66,122.1
49.3,128.68,122.12
49.32,128.7,122.14
49.34,128.72,122.16
49.36,128.74,122.18
49.38,128.76,122.2
49.4,128.78,122.22
49.42,128.8,122.24
49.44,128.82,122.26
49.46,128.84,122.28
49.48,128.86,122.3
49.5,128.88,122.32
49.52,128.9,122.34
49.54,128.92,122.36
49.56,128.94,122.38
49.58,128.96,122.4
49.6,128.98,122.42
49.62,129.0,122.44
49.64,129.02,122.46
49.66,129.04,122.48
49.68,129.06,122.5
49.7,129.08,122.52
49.72,129.1,122.54
49.74,129.12,122.56
49.76,129.2,122.58
49.78,129.4,122.6
49.8,129.42,122.62
49.82,129.44,122.64
49.84,129.46,122.66
49.86,129.48,122.68
49.88,129.5,122.7
49.9,129.52,122.72
49.92,129.54,122.74
49.94,129.56,122.76
49.96,129.58,122.78
49.98,129.68,122.8
50.0,129.84,122.82
50.02,130.04,122.84
50.04,130.06,122.86
50.06,130.08,122.88
50.08,130.1,122.9
50.1,130.12,122.92
50.12,130.14,122.94
50.14,130.16,122.96
50.16,130.18,122.98
50.18,130.2,123.0
50.2,130.22,123.02
50.22,130.24,123.04
50.24,130.26,123.06
50.26,130.68,123.08
50.28,130.94,123.1
50.3,130.96,123.12
50.32,130.98,123.34
50.34,131.0,123.36
50.36,131.02,123.38
50.38,131.04,123.4
50.4,131.06,123.42
50.42,131.08,123.44
50.44,131.1,123.46
50.46,131.12,123.48
50.48,131.14,123.5
50.5,131.16,123.52
50.52,131.18,123.54
50.54,131.26,123.56
50.56,131.28,123.58
50.58,131.32,123.6
50.6,131.34,123.62
50.62,131.36,123.64
50.64,131.5,123.66
50.66,131.52,123.68
50.68,131.54,123.7
50.7,131.56,123.72
50.72,131.58,123.76
50.74,131.62,123.78
50.76,131.66,123.82
50.78,131.88,124.04
50.8,131.9,124.06
50.82,131.92,124.08
50.84,131.94,124.1
50.86,131.96,124.12
50.88,131.98,124.14
50.9,132.0,124.16
50.92,132.02,124.18
50.94,132.04,124.2
50.96,132.06,124.22
50.98,132.12,124.26
51.0,132.26,124.3
51.02,132.34,124.32
51.04,132.56,124.58
51.06,132.58,124.6
51.08,132.6,124.62
51.1,132.62,124.64
51.12,132.64,124.66
51.14,132.66,124.68
51.16,132.68,124.7
51.18,132.7,124.72
51.2,132.72,124.74
51.22,132.74,124.86
51.24,132.76,124.88
51.26,132.88,124.94
51.28,133.24,124.98
51.3,133.26,125.16
51.32,133.28,125.18
51.34,133.3,125.2
51.36,133.32,125.22
51.38,133.34,125.26
51.4,133.36,125.28
51.42,133.38,125.3
51.44,133.4,125.32
51.46,133.42,125.34
51.48,133.44,125.4
51.5,133.46,125.42
51.52,133.52,125.44
51.54,133.66,125.46
51.56,133.68,125.48
51.58,133.7,125.84
51.6,133.72,125.86
51.62,133.74,125.88
51.64,133.76,125.9
51.66,133.78,125.92
51.68,133.8,125.94
51.7,133.82,125.96
51.72,133.84,125.98
51.74,133.86,126.0
51.76,134.04,126.02
51.78,134.06,126.22
51.8,134.28,126.3
51.82,134.3,126.32
51.84,134.38,126.34
51.86,134.4,126.36
51.88,134.42,126.38
51.9,134.44,126.4
51.92,134.46,126.42
51.94,134.48,126.44
51.96,134.5,126.46
51.98,134.66,126.48
52.0,134.68,126.5
52.02,134.9,126.52
52.04,134.92,126.54
52.06,135.0,126.56
52.08,135.02,126.58
52.1,135.04,126.6
52.12,135.06,126.62
52.14,135.08,126.64
52.16,135.16,126.66
52.18,135.18,126.68
52.2,135.2,127.0
52.22,135.22,127.02
52.24,135.3,127.04
52.26,135.64,127.4
52.28,135.66,127.64
52.3,135.68,127.66
52.32,135.7,127.68
52.34,135.72,127.7
52.36,135.74,127.72
52.38,135.76,127.74
52.4,135.78,127.76
52.42,135.8,127.78
52.44,135.82,127.8
52.46,135.84,127.82
52.48,135.86,127.84
52.5,135.88,127.92
52.52,135.94,127.96
52.54,136.08,128.18
52.56,136.1,128.2
52.58,136.12,128.22
52.6,136.14,128.24
52.62,136.16,128.26
52.64,136.18,128.28
52.66,136.2,128.3
52.68,136.22,128.32
52.7,136.24,128.34
52.72,136.26,128.4
52.74,136.48,128.6
52.76,136.54,129.06
52.78,136.7,129.08
52.8,136.72,129.1
52.82,136.74,129.12
52.84,136.76,129.14
52.86,136.9,129.16
52.88,136.92,129.18
52.9,136.94,129.2
52.92,136.96,129.22
52.94,136.98,129.24
52.96,137.0,129.26
52.98,137.06,129.28
53.0,137.12,129.3
53.02,137.3,129.32
53.04,137.34,129.6
53.06,137.38,129.66
53.08,137.4,129.68
53.1,137.42,129.7
53.12,137.44,129.72
53.14,137.46,129.74
53.16,137.48,129.76
53.18,137.5,129.78
53.2,137.52,129.8
53.22,137.62,129.82
53.24,137.72,130.04
53.26,137.76,130.08
53.28,137.78,130.16
53.3,137.82,130.18
53.32,137.84,130.2
53.34,137.86,130.22
53.36,137.88,130.24
53.38,137.92,130.26
53.4,138.18,130.28
53.42,138.2,130.54
53.44,138.22,130.56
53.46,138.24,130.58
53.48,138.26,130.66
53.5,138.28,130.68
53.52,138.3,130.72
53.54,138.32,130.96
53.56,138.34,131.02
53.58,138.36,131.04
53.6,138.38,131.06
53.62,138.4,131.08
53.64,138.44,131.1
53.66,138.5,131.12
53.68,138.52,131.14
53.7,138.54,131.16
53.72,138.56,131.18
53.74,138.58,131.3
53.76,138.96,131.32
53.78,139.02,131.34
53.8,139.14,131.56
53.82,139.16,131.58
53.84,139.18,131.6
53.86,139.2,131.62
53.88,139.22,131.7
53.9,139.5,131.72
53.92,139.52,131.74
53.94,139.54,131.76
53.96,139.56,131.78
53.98,139.6,131.8
54.0,139.68,132.0
54.02,139.74,132.1
54.04,139.86,132.12
54.06,139.88,132.14
54.08,139.9,132.16
54.1,139.92,132.18
54.12,139.94,132.2
54.14,139.96,132.22
54.16,139.98,132.24
54.18,140.0,132.26
54.2,140.02,132.28
54.22,140.04,132.36
54.24,140.28,132.7
54.26,140.34,132.78
54.28,140.44,132.82
54.3,140.5,132.86
54.32,140.52,132.88
54.34,140.54,132.9
54.36,140.68,132.98
54.38,140.7,133.0
54.4,140.82,133.06
54.42,140.84,133.16
54.44,140.86,133.2
54.46,140.88,133.22
54.48,140.9,133.26
54.5,140.92,133.32
54.52,141.14,133.44
54.54,141.16,133.46
54.56,141.18,133.48
54.58,141.22,133.5
54.6,141.24,133.52
54.62,141.26,133.54
54.64,141.28,133.56
54.66,141.3,133.58
54.68,141.32,133.6
54.7,141.34,133.62
54.72,141.68,133.64
54.74,141.78,133.66
54.76,141.86,134.16
54.78,142.08,134.24
54.8,142.1,134.26
54.82,142.12,134.28
54.84,142.14,134.3
54.86,142.16,134.32
54.88,142.18,134.34
54.9,142.2,134.36
54.92,142.22,134.38
54.94,142.24,134.4
54.96,142.26,134.42
54.98,142.62,134.44
55.0,142.9,135.08
55.02,142.92,135.1
55.04,142.94,135.12
55.06,142.96,135.14
55.08,142.98,135.18
55.1,143.0,135.2
55.12,143.02,135.22
55.14,143.04,135.24
55.16,143.06,135.26
55.18,143.08,135.28
55.2,143.1,135.3
55.22,143.12,135.32
55.24,143.14,135.36
55.26,143.16,135.4
55.28,143.18,135.42
55.3,143.2,135.44
55.32,143.22,135.46
55.34,143.24,135.48
55.36,143.26,135.5
55.38,143.28,135.52
55.4,143.3,135.54
55.42,143.32,135.56
55.44,143.34,135.58
55.46,143.36,135.6
55.48,150.34,137.18
