t1_sec,t2_sec
0.0,0.0
0.02,0.02
0.04,0.04
0.06,0.06
0.08,0.08
0.1,0.1
0.12,0.12
0.14,0.14
0.16,0.16
0.18,0.52
0.2,0.54
0.22,0.56
0.24,0.58
0.26,0.6
0.28,0.62
0.3,0.64
0.32,0.66
0.34,0.68
0.36,0.7
0.38,0.72
0.4,0.74
0.42,0.76
0.44,0.78
0.46,0.8
0.5,0.82
0.52,0.84
0.54,0.86
0.56,0.88
0.58,0.9
0.6,0.92
0.62,0.94
0.64,0.96
0.7,0.98
0.72,1.0
0.74,1.02
0.76,1.04
0.78,1.06
0.8,1.08
0.82,1.1
0.84,1.12
0.86,1.14
0.88,1.16
0.9,1.18
0.92,1.2
0.94,1.22
0.96,1.24
0.98,1.26
1.0,1.28
1.04,1.3
1.08,1.32
1.1,1.34
1.12,1.36
1.14,1.38
1.16,1.4
1.18,1.42
1.2,1.44
1.22,1.46
1.24,1.48
1.3,1.5
1.32,1.52
1.34,1.54
1.36,1.56
1.38,1.58
1.4,1.6
1.42,1.62
1.44,1.64
1.46,1.66
1.48,1.68
1.5,1.7
1.52,1.72
1.54,1.74
1.56,1.76
1.58,1.78
1.6,1.8
1.62,1.82
1.64,1.84
1.66,1.86
1.68,1.88
1.7,1.9
1.72,1.92
1.74,1.94
1.76,1.96
1.78,1.98
1.8,2.0
1.82,2.02
1.84,2.04
1.86,2.06
1.88,2.08
1.9,2.1
1.92,2.12
1.94,2.14
1.96,2.16
1.98,2.18
2.0,2.36
2.02,2.38
2.04,2.4
2.06,2.42
2.08,2.44
2.1,2.46
2.12,2.48
2.14,2.5
2.16,2.52
2.18,2.54
2.2,2.56
2.22,2.58
2.24,2.6
2.28,2.62
2.3,2.64
2.32,2.66
2.34,2.68
2.36,2.7
2.38,2.72
2.4,2.76
2.44,2.78
2.46,2.8
2.48,2.82
2.5,2.84
2.52,2.86
2.54,2.88
2.56,2.9
2.58,2.92
2.6,2.94
2.62,2.96
2.64,2.98
2.68,3.0
2.7,3.02
2.72,3.04
2.74,3.06
2.76,3.08
2.78,3.1
2.8,3.12
2.82,3.14
2.84,3.16
2.88,3.18
2.9,3.2
2.92,3.22
2.94,3.24
2.96,3.26
2.98,3.28
3.0,3.3
3.02,3.32
3.04,3.34
3.06,3.36
3.08,3.38
3.1,3.4
3.12,3.42
3.14,3.44
3.16,3.46
3.18,3.48
3.2,3.5
3.22,3.52
3.24,3.54
3.26,3.56
3.28,3.58
3.3,3.6
3.32,3.62
3.34,3.64
3.36,3.66
3.38,3.68
3.4,3.7
3.42,3.72
3.44,3.74
3.46,3.76
3.48,3.78
3.5,3.8
3.52,3.82
3.54,3.84
3.56,3.86
3.58,3.88
3.6,3.9
3.62,3.92
3.64,3.94
3.66,3.96
3.68,3.98
3.7,4.0
3.72,4.02
3.74,4.04
3.76,4.06
3.78,4.08
3.8,4.1
3.82,4.12
3.84,4.14
3.86,4.16
3.88,4.18
3.9,4.2
3.92,4.22
3.94,4.24
3.96,4.26
3.98,4.28
4.0,4.3
4.02,4.32
4.04,4.34
4.06,4.36
4.08,4.38
4.1,4.4
4.12,4.42
4.14,4.44
4.16,4.46
4.18,4.48
4.2,4.5
4.22,4.52
4.24,4.54
4.26,4.56
4.28,4.58
4.3,4.6
4.32,4.62
4.34,4.64
4.36,4.66
4.38,4.68
4.4,4.7
4.42,4.72
4.44,4.74
4.46,4.76
4.48,4.78
4.5,4.8
4.52,4.82
4.54,4.84
4.56,4.86
4.58,4.88
4.6,4.9
4.62,4.92
4.64,4.94
4.66,4.96
4.68,4.98
4.7,5.0
4.72,5.02
4.74,5.04
4.76,5.06
4.78,5.08
4.8,5.1
4.82,5.12
4.84,5.14
4.86,5.16
4.88,5.18
4.9,5.2
4.92,5.22
4.94,5.24
4.96,5.26
4.98,5.28
5.0,5.3
5.02,5.32
5.04,5.34
5.06,5.36
5.08,5.38
5.1,5.4
5.12,5.42
5.14,5.44
5.16,5.46
5.18,5.48
5.2,5.5
5.22,5.52
5.24,5.54
5.26,5.56
5.28,5.58
5.3,5.6
5.32,5.62
5.34,5.64
5.36,5.66
5.38,5.68
5.4,5.7
5.42,5.72
5.44,5.74
5.46,5.76
5.48,5.78
5.5,5.8
5.52,5.82
5.54,5.84
5.56,5.86
5.58,5.88
5.6,5.9
5.62,6.02
5.64,6.04
5.66,6.12
5.68,6.14
5.7,6.16
5.72,6.18
5.74,6.2
5.76,6.22
5.78,6.24
5.8,6.26
5.82,6.28
5.84,6.3
5.86,6.32
5.88,6.34
5.9,6.36
5.92,6.38
5.94,6.4
5.96,6.42
5.98,6.44
6.0,6.46
6.02,6.48
6.04,6.5
6.06,6.52
6.08,6.54
6.1,6.56
6.12,6.58
6.14,6.6
6.16,6.62
6.18,6.64
6.2,6.66
6.22,6.68
6.24,6.7
6.26,6.72
6.28,6.74
6.3,6.76
6.32,6.78
6.34,6.8
6.36,6.82
6.38,6.84
6.4,6.86
6.42,6.88
6.44,6.9
6.46,6.92
6.48,6.94
6.5,6.96
6.52,6.98
6.54,7.0
6.56,7.04
6.58,7.08
6.6,7.1
6.62,7.12
6.64,7.14
6.66,7.16
6.68,7.18
6.7,7.2
6.72,7.22
6.74,7.24
6.76,7.26
6.78,7.28
6.8,7.3
6.82,7.32
6.84,7.34
6.86,7.36
6.88,7.38
6.9,7.4
6.92,7.42
6.94,7.44
6.96,7.46
6.98,7.48
7.0,7.5
7.02,7.52
7.04,7.54
7.06,7.56
7.08,7.6
7.1,7.62
7.12,7.64
7.14,7.66
7.16,7.68
7.18,7.7
7.2,7.72
7.22,7.74
7.24,7.76
7.26,7.78
7.28,7.8
7.3,7.82
7.32,7.84
7.34,7.86
7.36,7.88
7.38,7.9
7.4,7.92
7.42,7.94
7.44,7.96
7.46,7.98
7.48,8.0
7.5,8.02
7.52,8.04
7.54,8.06
7.56,8.08
7.58,8.1
7.6,8.12
7.62,8.14
7.64,8.16
7.66,8.18
7.68,8.2
7.7,8.22
7.72,8.24
7.74,8.26
7.76,8.28
7.78,8.3
7.8,8.32
7.82,8.34
7.84,8.36
7.86,8.38
7.88,8.4
7.9,8.42
7.92,8.44
7.94,8.46
7.96,8.48
7.98,8.5
8.0,8.52
8.04,8.54
8.06,8.56
8.08,8.58
8.1,8.6
8.12,8.62
8.14,8.64
8.16,8.66
8.18,8.68
8.2,8.7
8.22,8.72
8.24,8.74
8.26,8.76
8.3,8.78
8.32,8.8
8.34,8.82
8.44,8.84
8.48,8.86
8.5,8.88
8.54,8.9
8.56,8.92
8.58,8.94
8.6,8.96
8.62,8.98
8.64,9.0
8.66,9.02
8.68,9.04
8.7,9.06
8.72,9.08
8.74,9.1
8.76,9.12
8.78,9.14
8.8,9.16
8.82,9.18
8.84,9.2
8.86,9.22
8.88,9.24
8.9,9.26
8.92,9.28
8.94,9.3
8.96,9.32
8.98,9.34
9.0,9.36
9.02,9.38
9.04,9.4
9.06,9.42
9.1,9.44
9.12,9.46
9.14,9.48
9.2,9.5
9.22,9.52
9.24,9.54
9.26,9.56
9.28,9.58
9.3,9.6
9.32,9.62
9.34,9.64
9.36,9.66
9.38,9.68
9.4,9.7
9.42,9.72
9.44,9.74
9.46,9.76
9.48,9.78
9.5,9.8
9.52,9.82
9.54,9.84
9.56,9.86
9.58,9.88
9.6,9.9
9.62,9.92
9.64,9.94
9.66,9.96
9.7,9.98
9.72,10.0
9.74,10.02
9.76,10.04
9.78,10.06
9.8,10.08
9.82,10.1
9.84,10.12
9.86,10.14
9.88,10.16
9.9,10.18
9.92,10.2
9.94,10.22
9.96,10.24
9.98,10.26
10.0,10.28
10.02,10.3
10.04,10.34
10.06,10.36
10.08,10.38
10.1,10.4
10.12,10.42
10.14,10.44
10.16,10.46
10.18,10.48
10.2,10.5
10.22,10.52
10.24,10.54
10.26,10.56
10.28,10.58
10.3,10.6
10.32,10.62
10.34,10.64
10.36,10.66
10.38,10.68
10.4,10.7
10.42,10.72
10.44,10.74
10.46,10.76
10.48,10.78
10.5,10.8
10.52,10.82
10.54,10.84
10.56,10.86
10.58,10.88
10.6,10.9
10.62,10.92
10.64,10.94
10.66,10.96
10.68,10.98
10.7,11.0
10.72,11.02
10.74,11.04
10.76,11.06
10.78,11.08
10.8,11.1
10.82,11.12
10.84,11.14
10.86,11.16
10.88,11.18
10.9,11.2
10.92,11.22
10.94,11.24
11.0,11.26
11.04,11.28
11.06,11.3
11.08,11.32
11.1,11.34
11.12,11.36
11.14,11.38
11.16,11.4
11.18,11.42
11.2,11.44
11.22,11.46
11.24,11.48
11.26,11.5
11.28,11.52
11.3,11.54
11.32,11.56
11.34,11.58
11.36,11.6
11.38,11.62
11.4,11.64
11.42,11.66
11.44,11.68
11.46,11.7
11.48,11.72
11.5,11.74
11.52,11.76
11.54,11.78
11.56,11.8
11.58,11.82
11.6,11.84
11.62,11.86
11.64,11.88
11.66,11.9
11.68,11.92
11.7,11.94
11.72,11.96
11.74,11.98
11.76,12.0
11.78,12.02
11.8,12.04
11.82,12.06
11.84,12.08
11.86,12.1
11.88,12.12
11.9,12.14
11.92,12.16
11.94,12.18
12.0,12.2
12.02,12.22
12.04,12.24
12.06,12.26
12.08,12.28
12.1,12.3
12.12,12.32
12.14,12.34
12.16,12.4
12.18,12.42
12.2,12.44
12.22,12.46
12.24,12.48
12.26,12.5
12.28,12.52
12.3,12.54
12.32,12.56
12.34,12.58
12.36,12.6
12.38,12.66
12.4,12.68
12.42,12.7
12.44,12.72
12.46,12.74
12.48,12.76
12.5,12.78
12.52,12.8
12.54,12.82
12.56,12.84
12.58,12.86
12.6,12.88
12.62,12.9
12.64,12.92
12.66,12.94
12.68,12.96
12.7,12.98
12.72,13.0
12.74,13.02
12.76,13.04
12.78,13.06
12.8,13.08
12.82,13.1
12.84,13.12
12.86,13.14
12.88,13.16
12.9,13.18
12.92,13.2
12.94,13.22
12.96,13.24
12.98,13.26
13.0,13.28
13.02,13.3
13.04,13.32
13.06,13.34
13.08,13.36
13.1,13.38
13.12,13.4
13.14,13.42
13.16,13.44
13.18,13.46
13.2,13.48
13.22,13.5
13.24,13.52
13.26,13.54
13.28,13.56
13.3,13.58
13.32,13.6
13.34,13.62
13.36,13.64
13.38,13.66
13.46,13.68
13.48,13.7
13.5,13.72
13.52,13.74
13.54,13.76
13.56,13.78
13.58,13.8
13.6,13.82
13.62,13.84
13.64,13.86
13.66,13.88
13.68,13.9
13.7,13.92
13.72,13.94
13.74,13.96
13.76,13.98
13.78,14.0
13.8,14.02
13.82,14.04
13.84,14.06
13.86,14.08
13.88,14.1
13.9,14.12
13.92,14.14
13.94,14.16
13.96,14.18
13.98,14.2
14.0,14.22
14.02,14.24
14.04,14.26
14.06,14.28
14.08,14.3
14.1,14.32
14.12,14.34
14.14,14.36
14.16,14.38
14.18,14.4
14.2,14.42
14.22,14.44
14.24,14.46
14.26,14.48
14.28,14.5
14.3,14.52
14.32,14.54
14.34,14.56
14.36,14.58
14.38,14.6
14.4,14.62
14.42,14.64
14.44,14.66
14.46,14.68
14.48,14.7
14.5,14.72
14.52,14.74
14.54,14.76
14.56,14.78
14.58,14.8
14.6,14.82
14.62,14.84
14.64,14.86
14.66,14.88
14.68,14.9
14.7,14.92
14.72,14.94
14.74,14.96
14.76,14.98
14.78,15.0
14.8,15.02
14.82,15.04
14.84,15.06
14.86,15.08
14.88,15.1
14.98,15.12
15.0,15.14
15.02,15.16
15.04,15.18
15.06,15.2
15.08,15.22
15.1,15.24
15.12,15.26
15.14,15.28
15.16,15.3
15.18,15.32
15.2,15.34
15.22,15.36
15.24,15.38
15.26,15.4
15.28,15.42
15.3,15.44
15.32,15.46
15.34,15.48
15.36,15.5
15.38,15.52
15.4,15.54
15.48,15.56
15.5,15.58
15.52,15.6
15.54,15.62
15.56,15.64
15.58,15.66
15.6,15.68
15.62,15.7
15.64,15.72
15.66,15.74
15.68,15.76
15.7,15.78
15.72,15.8
15.74,15.82
15.76,15.84
15.78,15.86
15.8,15.88
15.82,15.9
15.84,15.92
15.86,15.94
15.88,15.96
15.9,15.98
15.92,16.0
15.94,16.02
15.96,16.04
15.98,16.06
16.0,16.08
16.02,16.1
16.04,16.12
16.06,16.14
16.08,16.16
16.1,16.18
16.12,16.26
16.14,16.28
16.16,16.3
16.18,16.32
16.2,16.34
16.22,16.36
16.24,16.38
16.26,16.4
16.28,16.42
16.3,16.44
16.32,16.46
16.34,16.48
16.36,16.5
16.38,16.52
16.4,16.54
16.42,16.56
16.44,16.58
16.46,16.6
16.48,16.62
16.5,16.64
16.52,16.66
16.54,16.68
16.56,16.7
16.58,16.72
16.6,16.74
16.62,16.76
16.64,16.78
16.66,16.8
16.68,16.82
16.7,16.84
16.72,16.86
16.74,16.88
16.76,16.9
16.78,16.92
16.8,16.94
16.82,16.96
16.84,16.98
16.86,17.0
16.88,17.02
16.9,17.16
16.92,17.18
16.94,17.26
16.96,17.28
16.98,17.3
17.0,17.32
17.02,17.34
17.04,17.36
17.06,17.38
17.08,17.4
17.1,17.42
17.12,17.44
17.14,17.46
17.16,17.48
17.18,17.5
17.2,17.52
17.22,17.54
17.24,17.56
17.26,17.58
17.28,17.6
17.3,17.62
17.32,17.64
17.34,17.66
17.36,17.68
17.38,17.7
17.4,17.72
17.42,17.74
17.44,17.76
17.46,17.78
17.48,17.8
17.5,17.82
17.52,17.84
17.54,17.86
17.56,17.88
17.58,17.9
17.6,17.92
17.62,17.94
17.64,17.96
17.66,17.98
17.68,18.0
17.7,18.02
17.72,18.04
17.74,18.06
17.76,18.08
17.78,18.1
17.8,18.12
17.82,18.14
17.84,18.16
17.86,18.18
17.88,18.2
17.9,18.22
17.92,18.24
17.94,18.26
17.96,18.28
17.98,18.3
18.0,18.32
18.02,18.34
18.04,18.36
18.06,18.38
18.08,18.4
18.1,18.42
18.12,18.44
18.14,18.46
18.16,18.48
18.18,18.5
18.2,18.52
18.22,18.54
18.24,18.56
18.26,18.58
18.28,18.6
18.3,18.62
18.32,18.64
18.34,18.66
18.36,18.68
18.38,18.7
18.4,18.72
18.42,18.74
18.44,18.76
18.46,18.78
18.5,18.8
18.52,18.82
18.54,18.84
18.56,18.86
18.58,18.88
18.66,18.9
18.68,18.92
18.7,18.94
18.72,18.96
18.74,18.98
18.78,19.0
18.8,19.02
18.82,19.04
18.84,19.06
18.86,19.08
18.88,19.1
18.9,19.12
18.92,19.14
18.94,19.16
18.96,19.18
18.98,19.2
19.0,19.22
19.02,19.24
19.04,19.26
19.06,19.28
19.08,19.3
19.1,19.32
19.12,19.34
19.14,19.36
19.16,19.38
19.18,19.4
19.2,19.42
19.22,19.44
19.24,19.46
19.26,19.48
19.36,19.5
19.38,19.52
19.4,19.54
19.46,19.56
19.48,19.58
19.5,19.6
19.52,19.62
19.54,19.64
19.56,19.66
19.58,19.68
19.6,19.7
19.62,19.72
19.7,19.74
19.72,19.76
19.74,19.78
19.76,19.8
19.78,19.82
19.8,19.84
19.82,19.86
19.96,19.88
19.98,19.9
20.0,19.92
20.02,19.94
20.04,19.96
20.06,19.98
20.08,20.0
20.1,20.02
20.12,20.04
20.14,20.06
20.16,20.08
20.18,20.1
20.22,20.12
20.24,20.14
20.26,20.16
20.28,20.18
20.3,20.2
20.32,20.22
20.36,20.24
20.44,20.26
20.46,20.28
20.52,20.3
20.54,20.32
20.56,20.34
20.58,20.36
20.6,20.38
20.62,20.4
20.64,20.42
20.66,20.44
20.68,20.46
20.7,20.48
20.72,20.5
20.74,20.52
20.76,20.54
20.78,20.56
20.8,20.58
20.82,20.6
20.84,20.62
20.86,20.64
20.88,20.66
20.9,20.68
20.92,20.7
20.94,20.72
20.96,20.74
20.98,20.76
21.0,20.78
21.02,20.8
21.04,20.82
21.06,20.84
21.1,20.86
21.12,20.88
21.14,20.9
21.16,20.92
21.18,20.94
21.2,20.96
21.22,20.98
21.24,21.0
21.26,21.02
21.28,21.04
21.3,21.06
21.32,21.08
21.34,21.1
21.36,21.12
21.38,21.14
21.4,21.16
21.42,21.18
21.44,21.2
21.46,21.22
21.48,21.24
21.5,21.26
21.52,21.28
21.54,21.3
21.56,21.32
21.58,21.34
21.6,21.36
21.62,21.38
21.64,21.4
21.66,21.42
21.68,21.44
21.7,21.46
21.74,21.48
21.76,21.5
21.78,21.52
21.8,21.54
21.82,21.56
21.84,21.58
21.86,21.6
21.88,21.62
21.9,21.64
21.92,21.66
21.94,21.68
21.96,21.7
21.98,21.72
22.0,21.74
22.02,21.76
22.04,21.78
22.06,21.8
22.08,21.82
22.1,21.84
22.12,21.86
22.14,21.88
22.16,21.94
22.18,21.96
22.2,21.98
22.22,22.0
22.24,22.02
22.26,22.04
22.28,22.06
22.3,22.08
22.32,22.1
22.34,22.12
22.36,22.14
22.38,22.16
22.4,22.18
22.42,22.2
22.44,22.22
22.46,22.24
22.48,22.26
22.5,22.28
22.52,22.3
22.54,22.32
22.56,22.34
22.58,22.36
22.6,22.38
22.62,22.4
22.64,22.42
22.66,22.44
22.68,22.46
22.7,22.48
22.72,22.5
22.74,22.52
22.76,22.68
22.78,22.7
22.8,22.72
22.82,22.74
22.84,22.76
22.86,22.78
22.88,22.8
22.9,22.82
22.92,22.84
22.94,22.86
22.96,22.88
22.98,22.9
23.0,22.92
23.02,22.94
23.04,22.96
23.08,22.98
23.1,23.0
23.12,23.02
23.14,23.04
23.16,23.06
23.26,23.08
23.28,23.1
23.3,23.12
23.32,23.14
23.34,23.16
23.36,23.18
23.38,23.2
23.4,23.22
23.42,23.24
23.44,23.26
23.46,23.28
23.48,23.3
23.5,23.32
23.52,23.34
23.54,23.36
23.56,23.38
23.66,23.4
23.68,23.42
23.7,23.44
23.72,23.46
23.82,23.48
23.84,23.5
23.86,23.52
23.88,23.54
23.9,23.56
23.92,23.58
23.94,23.6
23.96,23.62
23.98,23.64
24.0,23.66
24.02,23.68
24.04,23.7
24.06,23.72
24.08,23.74
24.1,23.76
24.12,23.78
24.14,23.8
24.16,23.82
24.18,23.84
24.2,23.86
24.22,23.88
24.24,23.9
24.26,23.92
24.28,23.94
24.3,23.96
24.32,23.98
24.34,24.0
24.36,24.02
24.38,24.04
24.4,24.12
24.42,24.14
24.44,24.16
24.46,24.18
24.48,24.2
24.5,24.22
24.52,24.24
24.54,24.26
24.6,24.28
24.62,24.3
24.64,24.32
24.66,24.34
24.68,24.36
24.7,24.38
24.72,24.4
24.74,24.42
24.76,24.44
24.78,24.46
24.8,24.48
24.82,24.5
24.84,24.52
24.86,24.54
24.88,24.56
24.9,24.58
24.92,24.6
24.94,24.62
24.96,24.64
24.98,24.66
25.0,24.68
25.02,24.7
25.04,24.72
25.06,24.74
25.08,24.76
25.1,24.78
25.16,24.8
25.18,24.82
25.2,24.84
25.22,24.86
25.24,24.88
25.26,24.9
25.28,24.92
25.3,24.94
25.32,24.96
25.34,24.98
25.38,25.0
25.4,25.02
25.42,25.04
25.44,25.06
25.46,25.08
25.48,25.1
25.5,25.12
25.52,25.14
25.54,25.16
25.56,25.18
25.58,25.2
25.6,25.22
25.62,25.24
25.64,25.26
25.66,25.28
25.68,25.3
25.7,25.32
25.72,25.34
25.74,25.36
25.76,25.38
25.8,25.4
25.82,25.42
25.84,25.44
25.86,25.46
25.88,25.48
25.9,25.5
25.92,25.52
25.94,25.54
25.96,25.56
25.98,25.58
26.0,25.6
26.02,25.62
26.04,25.64
26.06,25.66
26.08,25.68
26.1,25.7
26.12,25.72
26.14,25.74
26.16,25.76
26.18,25.78
26.2,25.8
26.22,25.82
26.24,25.84
26.26,25.86
26.28,25.88
26.34,25.9
26.36,25.92
26.38,25.94
26.4,25.96
26.42,25.98
26.44,26.0
26.46,26.02
26.48,26.04
26.5,26.06
26.52,26.08
26.54,26.1
26.56,26.12
26.58,26.14
26.6,26.16
26.62,26.18
26.64,26.2
26.66,26.22
26.68,26.24
26.7,26.26
26.72,26.28
26.74,26.3
26.76,26.32
26.84,26.34
26.86,26.36
26.88,26.38
26.9,26.4
26.92,26.42
26.94,26.44
26.96,26.46
26.98,26.48
27.0,26.5
27.02,26.52
27.04,26.54
27.06,26.56
27.08,26.58
27.1,26.6
27.12,26.62
27.14,26.64
27.16,26.66
27.18,26.68
27.2,26.7
27.22,26.72
27.24,26.74
27.26,26.76
27.28,26.78
27.3,26.8
27.32,26.82
27.36,26.84
27.4,26.86
27.44,26.88
27.46,26.9
27.48,26.92
27.5,26.94
27.52,26.96
27.54,26.98
27.56,27.0
27.58,27.02
27.6,27.04
27.64,27.06
27.66,27.08
27.68,27.1
27.7,27.12
27.72,27.14
27.74,27.16
27.76,27.18
27.78,27.2
27.8,27.22
27.82,27.24
27.84,27.26
27.86,27.28
27.88,27.3
27.9,27.32
27.92,27.34
27.94,27.36
27.96,27.38
27.98,27.4
28.0,27.42
28.02,27.44
28.04,27.46
28.06,27.48
28.08,27.5
28.1,27.52
28.12,27.54
28.14,27.56
28.16,27.58
28.18,27.6
28.2,27.62
28.22,27.64
28.24,27.66
28.26,27.68
28.28,27.7
28.3,27.72
28.32,27.84
28.34,27.86
28.36,27.88
28.38,27.9
28.4,27.92
28.42,27.94
28.44,27.96
28.46,27.98
28.48,28.0
28.5,28.02
28.52,28.04
28.54,28.06
28.56,28.08
28.58,28.1
28.6,28.12
28.62,28.14
28.64,28.16
28.66,28.18
28.68,28.2
28.7,28.22
28.72,28.24
28.74,28.26
28.76,28.28
28.78,28.3
28.8,28.32
28.82,28.34
28.84,28.36
28.86,28.38
28.88,28.4
28.9,28.42
28.92,28.44
28.94,28.46
28.96,28.48
28.98,28.5
29.0,28.52
29.02,28.54
29.04,28.56
29.06,28.58
29.08,28.6
29.1,28.62
29.12,28.64
29.14,28.66
29.16,28.68
29.18,28.7
29.2,28.72
29.22,28.74
29.24,28.76
29.26,28.78
29.28,28.8
29.3,28.82
29.32,29.04
29.34,29.06
29.36,29.08
29.38,29.1
29.4,29.12
29.42,29.14
29.44,29.16
29.46,29.18
29.48,29.2
29.5,29.22
29.52,29.24
29.54,29.26
29.56,29.28
29.58,29.3
29.6,29.32
29.62,29.34
29.64,29.36
29.72,29.38
29.74,29.4
29.76,29.42
29.78,29.44
29.8,29.46
29.82,29.48
29.84,29.5
29.94,29.52
29.96,29.54
29.98,29.56
30.0,29.58
30.02,29.6
30.04,29.62
30.06,29.64
30.08,29.66
30.1,29.68
30.12,29.7
30.14,29.72
30.16,29.74
30.18,29.76
30.2,29.78
30.22,29.8
30.24,29.82
30.26,29.84
30.28,29.86
30.3,29.88
30.32,29.9
30.34,29.92
30.36,29.94
30.38,29.96
30.4,29.98
30.42,30.0
30.44,30.02
30.46,30.04
30.48,30.06
30.5,30.08
30.52,30.1
30.54,30.12
30.56,30.14
30.58,30.16
30.6,30.18
30.62,30.2
30.64,30.22
30.66,30.24
30.68,30.26
30.7,30.28
30.72,30.3
30.74,30.32
30.76,30.34
30.78,30.36
30.8,30.38
30.82,30.4
30.84,30.42
30.86,30.44
30.88,30.46
30.9,30.48
30.92,30.5
30.94,30.52
30.96,30.54
30.98,30.56
31.0,30.58
31.02,30.6
31.04,30.62
31.06,30.76
31.08,30.78
31.1,30.8
31.12,30.82
31.14,30.84
31.16,30.86
31.18,30.88
31.2,30.9
31.22,30.92
31.24,30.94
31.26,30.96
31.28,30.98
31.3,31.0
31.32,31.02
31.34,31.04
31.36,31.06
31.38,31.08
31.4,31.1
31.42,31.12
31.44,31.14
31.46,31.16
31.48,31.18
31.5,31.2
31.52,31.22
31.54,31.24
31.56,31.26
31.58,31.28
31.6,31.3
31.62,31.32
31.64,31.34
31.66,31.36
31.68,31.38
31.7,31.4
31.72,31.42
31.78,31.44
31.8,31.46
31.82,31.48
31.84,31.5
31.86,31.52
31.88,31.54
31.9,31.56
31.92,31.58
31.94,31.6
31.96,31.62
31.98,31.64
32.0,31.66
32.02,31.68
32.04,31.7
32.06,31.72
32.08,31.74
32.1,31.76
32.12,31.78
32.14,31.8
32.16,31.82
32.18,31.84
32.2,31.86
32.22,31.88
32.24,31.9
32.26,31.92
32.28,31.94
32.3,31.96
32.32,31.98
32.34,32.0
32.36,32.04
32.38,32.06
32.4,32.08
32.42,32.1
32.44,32.12
32.46,32.14
32.48,32.16
32.5,32.18
32.52,32.2
32.54,32.22
32.56,32.24
32.58,32.26
32.6,32.28
32.62,32.3
32.64,32.32
32.66,32.42
32.68,32.48
32.7,32.5
32.72,32.52
32.74,32.54
32.76,32.56
32.78,32.58
32.8,32.6
32.82,32.62
32.84,32.64
32.86,32.66
32.88,32.68
32.9,32.7
32.92,32.72
32.96,32.74
32.98,32.76
33.0,32.78
33.02,32.8
33.04,32.82
33.06,32.84
33.08,32.86
33.1,32.88
33.12,32.9
33.14,32.92
33.16,32.94
33.18,32.96
33.2,32.98
33.22,33.0
33.24,33.02
33.26,33.04
33.28,33.06
33.3,33.08
33.32,33.1
33.34,33.12
33.36,33.14
33.38,33.16
33.4,33.18
33.42,33.2
33.44,33.22
33.46,33.24
33.48,33.26
33.5,33.28
33.52,33.3
33.54,33.32
33.56,33.34
33.62,33.36
33.64,33.38
33.66,33.4
33.68,33.42
33.7,33.44
33.72,33.46
33.74,33.48
33.76,33.5
33.78,33.52
33.8,33.54
33.82,33.56
33.84,33.58
33.86,33.6
33.88,33.62
33.9,33.64
33.92,33.66
33.94,33.68
33.96,33.7
33.98,33.72
34.0,33.74
34.02,33.76
34.04,33.78
34.12,33.8
34.14,33.82
34.16,33.84
34.18,33.86
34.2,33.88
34.22,33.9
34.24,33.92
34.26,33.94
34.28,33.96
34.3,33.98
34.32,34.0
34.34,34.02
34.36,34.04
34.38,34.06
34.4,34.08
34.42,34.1
34.44,34.12
34.46,34.14
34.48,34.16
34.5,34.18
34.52,34.2
34.54,34.22
34.56,34.24
34.58,34.26
34.6,34.28
34.62,34.34
34.64,34.36
34.66,34.38
34.68,34.4
34.7,34.42
34.72,34.44
34.74,34.46
34.76,34.48
34.78,34.5
34.8,34.52
34.82,34.54
34.84,34.56
34.86,34.58
34.88,34.6
34.9,34.62
34.92,34.64
34.94,34.66
34.96,34.68
34.98,34.7
35.0,34.72
35.02,34.74
35.04,34.76
35.06,34.78
35.08,34.8
35.1,34.82
35.12,34.84
35.14,34.86
35.16,34.88
35.18,34.9
35.2,34.92
35.22,34.94
35.24,34.96
35.26,34.98
35.28,35.0
35.3,35.02
35.32,35.04
35.34,35.06
35.36,35.08
35.38,35.1
35.4,35.12
35.42,35.14
35.44,35.16
35.46,35.18
35.48,35.2
35.5,35.22
35.52,35.24
35.54,35.26
35.56,35.28
35.58,35.3
35.6,35.32
35.62,35.34
35.64,35.36
35.66,35.38
35.7,35.4
35.72,35.42
35.74,35.44
35.76,35.46
35.78,35.48
35.8,35.5
35.82,35.52
35.84,35.54
35.86,35.56
36.04,35.58
36.08,35.6
36.1,35.62
36.12,35.64
36.14,35.66
36.16,35.68
36.18,35.7
36.2,35.72
36.22,35.74
36.24,35.76
36.26,35.78
36.28,35.8
36.3,35.82
36.32,35.84
36.34,35.86
36.36,35.88
36.38,35.9
36.4,35.92
36.42,35.94
36.44,35.96
36.46,35.98
36.48,36.0
36.5,36.02
36.52,36.06
36.54,36.08
36.56,36.1
36.58,36.12
36.6,36.14
36.62,36.16
36.64,36.18
36.66,36.2
36.68,36.22
36.7,36.24
36.72,36.26
36.74,36.28
36.76,36.3
36.78,36.32
36.8,36.34
36.82,36.36
36.84,36.38
36.86,36.4
36.88,36.42
36.9,36.44
36.92,36.46
36.94,36.48
36.96,36.5
36.98,36.52
37.0,36.54
37.02,36.56
37.04,36.58
37.06,36.6
37.08,36.62
37.1,36.64
37.12,36.66
37.14,36.68
37.16,36.7
37.18,36.72
37.2,36.74
37.22,36.76
37.24,36.78
37.26,36.8
37.28,36.82
37.3,36.84
37.32,36.86
37.34,36.88
37.36,36.9
37.38,36.92
37.4,36.94
37.42,36.96
37.44,37.0
37.46,37.02
37.48,37.04
37.5,37.06
37.52,37.08
37.54,37.1
37.56,37.12
37.58,37.14
37.6,37.22
37.62,37.24
37.64,37.26
37.66,37.28
37.68,37.3
37.7,37.32
37.72,37.34
37.74,37.38
37.76,37.4
37.78,37.42
37.8,37.44
37.82,37.46
37.84,37.48
37.86,37.5
37.88,37.52
37.9,37.54
37.92,37.56
37.94,37.58
37.96,37.6
37.98,37.62
38.0,37.64
38.02,37.66
38.04,37.68
38.06,37.7
38.08,37.72
38.1,37.74
38.12,37.76
38.14,37.78
38.16,37.8
38.18,37.82
38.2,37.84
38.22,37.86
38.24,37.88
38.26,37.9
38.28,37.92
38.3,37.94
38.32,37.96
38.34,37.98
38.36,38.0
38.38,38.02
38.4,38.04
38.42,38.06
38.44,38.08
38.46,38.1
38.52,38.12
38.54,38.14
38.56,38.16
38.58,38.18
38.6,38.2
38.62,38.22
38.64,38.24
38.66,38.26
38.68,38.28
38.7,38.3
38.72,38.32
38.74,38.34
38.76,38.36
38.78,38.38
38.8,38.4
38.82,38.42
38.84,38.44
38.86,38.46
38.88,38.48
38.9,38.5
38.92,38.52
38.94,38.54
38.96,38.56
38.98,38.58
39.0,38.6
39.02,38.62
39.04,38.64
39.06,38.66
39.12,38.68
39.14,38.7
39.16,38.72
39.18,38.74
39.2,38.76
39.22,38.78
39.24,38.8
39.26,38.82
39.28,38.84
39.3,38.86
39.32,38.88
39.34,38.9
39.36,38.92
39.38,38.94
39.4,38.96
39.42,38.98
39.44,39.0
39.46,39.02
39.48,39.04
39.5,39.06
39.52,39.1
39.54,39.12
39.56,39.14
39.58,39.16
39.6,39.18
39.62,39.2
39.64,39.22
39.66,39.24
39.68,39.26
39.7,39.28
39.72,39.3
39.74,39.32
39.76,39.34
39.78,39.36
39.8,39.38
39.82,39.4
39.84,39.42
39.86,39.44
39.88,39.46
39.92,39.48
39.94,39.5
39.96,39.52
39.98,39.54
40.0,39.56
40.02,39.58
40.06,39.6
40.08,39.62
40.1,39.64
40.12,39.66
40.14,39.68
40.16,39.7
40.22,39.72
40.24,39.74
40.26,39.76
40.28,39.78
40.3,39.8
40.32,39.82
40.34,39.84
40.36,39.86
40.38,39.88
40.4,39.9
40.42,39.92
40.44,39.94
40.46,39.96
40.48,39.98
40.5,40.0
40.52,40.02
40.54,40.04
40.58,40.06
40.6,40.08
40.62,40.1
40.64,40.12
40.66,40.14
40.68,40.16
40.7,40.18
40.72,40.2
40.74,40.22
40.76,40.24
40.78,40.26
40.8,40.28
40.82,40.3
40.84,40.32
40.86,40.34
40.88,40.36
40.9,40.38
40.92,40.4
40.94,40.42
40.96,40.44
40.98,40.46
41.0,40.48
41.02,40.5
41.04,40.52
41.06,40.54
41.08,40.56
41.1,40.58
41.22,40.6
41.24,40.62
41.3,40.64
41.32,40.66
41.34,40.68
41.46,40.7
41.48,40.72
41.5,40.74
41.52,40.76
41.54,40.78
41.56,40.8
41.58,40.82
41.6,40.84
41.62,40.86
41.64,40.88
41.66,40.9
41.68,40.92
41.7,40.94
41.72,40.96
41.74,40.98
41.8,41.0
41.82,41.02
41.84,41.04
41.86,41.06
41.88,41.08
41.9,41.1
41.94,41.12
42.0,41.14
42.02,41.16
42.16,41.18
42.22,41.2
42.24,41.22
42.26,41.24
42.28,41.26
42.3,41.28
42.32,41.3
42.34,41.32
42.36,41.34
42.38,41.36
42.4,41.38
42.42,41.4
42.44,41.42
42.46,41.44
42.48,41.46
42.5,41.48
42.52,41.5
42.54,41.58
42.56,41.6
42.58,41.62
42.6,41.68
42.62,41.7
42.64,41.8
42.66,41.82
42.68,41.84
42.7,41.86
42.72,41.88
42.74,41.9
42.76,41.92
42.78,41.94
42.8,41.96
42.82,41.98
42.84,42.0
42.86,42.02
42.88,42.04
42.9,42.06
42.92,42.08
42.94,42.1
42.96,42.12
42.98,42.14
43.0,42.16
43.02,42.18
43.04,42.2
43.06,42.22
43.08,42.24
43.1,42.26
43.12,42.28
43.14,42.3
43.16,42.32
43.18,42.34
43.24,42.36
43.26,42.38
43.28,42.4
43.3,42.42
43.32,42.44
43.34,42.46
43.36,42.48
43.38,42.5
43.4,42.52
43.42,42.54
43.44,42.56
43.46,42.58
43.48,42.6
43.5,42.62
43.52,42.64
43.6,42.66
43.62,42.68
43.64,42.7
43.66,42.72
43.68,42.74
43.7,42.76
43.72,42.78
43.74,42.8
43.76,42.82
43.78,42.84
43.8,42.86
43.82,42.88
43.84,42.9
43.86,42.92
43.88,42.94
43.96,42.96
43.98,42.98
44.0,43.0
44.02,43.02
44.04,43.04
44.06,43.06
44.08,43.08
44.1,43.1
44.12,43.12
44.14,43.14
44.16,43.16
44.18,43.18
44.2,43.2
44.22,43.22
44.24,43.24
44.26,43.26
44.28,43.28
44.3,43.3
44.32,43.32
44.34,43.34
44.36,43.36
44.38,43.38
44.4,43.4
44.42,43.42
44.44,43.44
44.46,43.46
44.48,43.48
44.5,43.5
44.52,43.52
44.54,43.54
44.56,43.56
44.58,43.58
44.6,43.6
44.62,43.62
44.64,43.64
44.66,43.66
44.68,43.68
44.7,43.7
44.72,43.72
44.74,43.74
44.76,43.76
44.78,43.78
44.8,43.8
44.82,43.82
44.84,43.84
44.86,43.86
44.88,43.88
44.9,43.9
44.92,43.92
44.94,43.94
44.96,43.96
44.98,43.98
45.0,44.0
45.02,44.02
45.04,44.04
45.06,44.06
45.08,44.08
45.1,44.1
45.12,44.12
45.14,44.14
45.16,44.16
45.18,44.18
45.2,44.2
45.22,44.22
45.24,44.24
45.26,44.26
45.28,44.28
45.3,44.3
45.32,44.32
45.34,44.34
45.36,44.36
45.38,44.38
45.4,44.4
45.42,44.42
45.44,44.44
45.46,44.46
45.48,44.48
45.5,44.5
45.56,44.52
45.58,44.54
45.6,44.56
45.62,44.58
45.64,44.6
45.66,44.62
45.68,44.64
45.7,44.66
45.72,44.68
45.74,44.7
45.76,44.72
45.78,44.74
45.82,44.76
45.84,44.78
45.88,44.8
45.9,44.82
45.92,44.84
45.94,44.86
45.96,44.88
45.98,44.9
46.0,44.92
46.04,44.94
46.06,44.96
46.08,44.98
46.1,45.0
46.12,45.02
46.14,45.04
46.16,45.06
46.18,45.08
46.2,45.1
46.22,45.12
46.24,45.14
46.26,45.16
46.28,45.18
46.3,45.2
46.32,45.22
46.34,45.24
46.36,45.26
46.38,45.28
46.42,45.3
46.44,45.32
46.46,45.34
46.48,45.36
46.5,45.38
46.52,45.4
46.54,45.42
46.56,45.44
46.58,45.46
46.6,45.48
46.62,45.5
46.64,45.52
46.66,45.54
46.68,45.56
46.7,45.58
46.72,45.6
46.74,45.62
46.76,45.64
46.78,45.66
46.8,45.68
46.82,45.7
46.84,45.72
46.86,45.74
46.88,45.76
46.9,45.78
46.92,45.8
46.94,45.82
46.96,45.84
46.98,45.86
47.0,45.88
47.04,45.9
47.06,45.92
47.08,45.94
47.1,45.96
47.12,45.98
47.14,46.0
47.16,46.02
47.18,46.04
47.2,46.06
47.22,46.08
47.24,46.1
47.26,46.12
47.28,46.14
47.3,46.16
47.32,46.18
47.34,46.2
47.36,46.22
47.38,46.24
47.4,46.26
47.42,46.28
47.44,46.3
47.46,46.32
47.48,46.34
47.5,46.36
47.52,46.38
47.54,46.4
47.56,46.42
47.58,46.44
47.6,46.46
47.62,46.5
47.64,46.52
47.66,46.54
47.68,46.56
47.7,46.58
47.72,46.6
47.74,46.62
47.76,46.64
47.78,46.66
47.8,46.68
47.82,46.7
47.84,46.72
47.86,46.74
47.88,46.76
47.9,46.78
47.92,46.8
47.94,46.82
47.96,46.84
47.98,46.86
48.0,46.88
48.02,46.9
48.04,46.92
48.06,46.94
48.08,46.96
48.1,46.98
48.12,47.0
48.14,47.02
48.16,47.04
48.18,47.06
48.2,47.08
48.22,47.1
48.24,47.12
48.26,47.14
48.28,47.16
48.3,47.18
48.32,47.2
48.34,47.22
48.36,47.24
48.38,47.26
48.4,47.28
48.42,47.3
48.44,47.32
48.46,47.34
48.48,47.36
48.5,47.38
48.52,47.4
48.58,47.42
48.62,47.44
48.64,47.46
48.66,47.48
48.68,47.5
48.7,47.52
48.72,47.54
48.74,47.56
48.76,47.58
48.78,47.6
48.82,47.62
48.84,47.64
48.86,47.66
48.88,47.68
48.9,47.7
48.92,47.72
48.94,47.74
48.96,47.76
48.98,47.78
49.0,47.8
49.02,47.82
49.04,47.84
49.06,47.86
49.08,47.88
49.12,47.9
49.14,47.92
49.16,47.94
49.22,47.96
49.24,47.98
49.26,48.0
49.28,48.02
49.3,48.04
49.32,48.06
49.36,48.08
49.38,48.1
49.4,48.12
49.42,48.14
49.44,48.16
49.46,48.18
49.48,48.26
49.5,48.28
49.52,48.3
49.54,48.32
49.56,48.34
49.58,48.36
49.6,48.38
49.62,48.4
49.64,48.42
49.66,48.44
49.68,48.46
49.7,48.48
49.72,48.5
49.74,48.52
49.76,48.54
49.78,48.56
49.8,48.58
49.82,48.6
49.84,48.62
49.86,48.64
49.88,48.66
49.94,48.68
49.96,48.7
49.98,48.72
50.0,48.74
50.02,48.76
50.04,48.78
50.06,48.8
50.08,48.82
50.1,48.84
50.12,48.86
50.14,48.88
50.16,48.9
50.18,48.92
50.2,48.94
50.22,48.96
50.24,48.98
50.3,49.0
50.32,49.02
50.34,49.04
50.36,49.06
50.38,49.08
50.4,49.1
50.42,49.12
50.44,49.14
50.46,49.16
50.48,49.18
50.5,49.2
50.52,49.22
50.54,49.24
50.56,49.26
50.58,49.28
50.6,49.3
50.62,49.32
50.64,49.34
50.66,49.36
50.68,49.38
50.7,49.4
50.72,49.42
50.74,49.44
50.76,49.46
50.78,49.48
50.8,49.5
50.82,49.52
50.84,49.54
50.86,49.56
50.88,49.58
50.9,49.6
50.92,49.62
50.94,49.64
50.96,49.66
51.02,49.68
51.04,49.7
51.14,49.72
51.16,49.74
51.18,49.76
51.2,49.78
51.22,49.8
51.24,49.82
51.26,49.84
51.28,49.86
51.3,49.88
51.32,49.9
51.34,49.92
51.36,49.94
51.38,49.96
51.4,49.98
51.42,50.0
51.44,50.02
51.46,50.04
51.48,50.06
51.5,50.08
51.52,50.1
51.54,50.12
51.56,50.14
51.58,50.16
51.6,50.18
51.62,50.2
51.64,50.22
51.66,50.24
51.68,50.26
51.7,50.28
51.72,50.3
51.74,50.32
51.76,50.34
51.78,50.36
51.8,50.38
51.82,50.4
51.84,50.42
51.86,50.44
51.88,50.46
51.9,50.48
51.92,50.5
51.94,50.52
51.96,50.54
51.98,50.56
52.22,50.58
52.24,50.6
52.44,50.62
52.46,50.64
52.48,50.66
52.5,50.68
52.52,50.7
52.54,50.72
52.56,50.74
52.58,50.76
52.6,50.78
52.62,50.8
52.64,50.82
52.66,50.84
52.68,50.86
52.7,50.88
52.72,50.9
52.74,50.92
52.76,50.94
52.96,50.96
52.98,50.98
53.0,51.0
53.02,51.02
53.04,51.04
53.08,51.06
53.1,51.08
53.12,51.1
53.14,51.12
53.16,51.14
53.18,51.16
53.2,51.18
53.22,51.2
53.24,51.22
53.26,51.24
53.28,51.26
53.3,51.28
53.32,51.3
53.34,51.32
53.36,51.34
53.38,51.38
53.4,51.4
53.42,51.42
53.44,51.44
53.46,51.46
53.48,51.48
53.5,51.5
53.52,51.52
53.54,51.54
53.56,51.56
53.58,51.58
53.6,51.6
53.62,51.62
53.64,51.64
53.66,51.66
53.68,51.68
53.7,51.7
53.72,51.72
53.74,51.74
53.76,51.76
53.78,51.78
53.8,51.8
53.82,51.82
53.84,51.84
53.86,51.86
53.88,51.88
53.9,51.9
53.92,51.94
53.94,51.96
53.96,51.98
53.98,52.0
54.0,52.02
54.02,52.04
54.04,52.06
54.06,52.1
54.08,52.12
54.1,52.14
54.12,52.16
54.14,52.18
54.16,52.2
54.18,52.22
54.2,52.24
54.22,52.26
54.24,52.28
54.26,52.3
54.28,52.32
54.3,52.34
54.32,52.36
54.34,52.4
54.36,52.42
54.38,52.44
54.4,52.46
54.42,52.48
54.44,52.5
54.46,52.52
54.48,52.54
54.5,52.56
54.52,52.58
54.54,52.6
54.56,52.62
54.58,52.64
54.6,52.66
54.62,52.68
54.64,52.7
54.66,52.72
54.68,52.74
54.7,52.76
54.72,52.78
54.74,52.8
54.76,52.82
54.78,52.84
54.8,52.86
54.88,52.88
54.94,52.9
54.96,52.92
54.98,52.94
55.0,52.96
55.02,52.98
55.44,53.0
55.46,53.02
55.48,53.04
55.5,53.06
55.52,53.08
55.54,53.1
55.56,53.12
55.58,53.14
55.72,53.16
55.76,53.18
55.78,53.2
55.8,53.22
55.82,53.24
55.84,53.26
55.86,53.28
55.88,53.3
55.9,53.32
55.92,53.34
55.94,53.36
55.96,53.38
55.98,53.4
56.0,53.42
56.02,53.44
56.04,53.46
56.06,53.48
56.08,53.5
56.1,53.52
56.12,53.54
56.14,53.56
56.16,53.58
56.18,53.6
56.2,53.62
56.22,53.64
56.24,53.66
56.26,53.68
56.28,53.7
56.3,53.72
56.32,53.74
56.34,53.76
56.36,53.8
56.38,53.82
56.4,53.84
56.42,53.86
56.44,53.88
56.46,53.92
56.48,53.96
56.5,53.98
56.52,54.0
56.54,54.02
56.56,54.06
56.58,54.08
56.6,54.1
56.62,54.12
56.64,54.14
56.66,54.16
56.68,54.18
56.7,54.2
56.72,54.22
56.74,54.24
56.76,54.26
56.78,54.28
56.8,54.3
56.82,54.32
56.84,54.34
56.86,54.36
56.88,54.38
56.9,54.4
56.92,54.42
56.94,54.44
56.96,54.46
56.98,54.48
57.0,54.5
57.02,54.52
57.04,54.54
57.06,54.56
57.08,54.58
57.1,54.6
57.12,54.62
57.14,54.64
57.16,54.66
57.18,54.68
57.2,54.7
57.22,54.72
57.24,54.74
57.26,54.76
57.28,54.78
57.3,54.8
57.32,54.82
57.34,54.84
57.36,54.86
57.38,54.88
57.4,54.9
57.42,54.92
57.44,54.94
57.46,54.96
57.48,54.98
57.5,55.0
57.52,55.02
57.54,55.04
57.56,55.06
57.58,55.08
57.6,55.1
57.62,55.12
57.64,55.14
57.66,55.16
57.68,55.18
57.7,55.2
57.72,55.22
57.74,55.24
57.76,55.26
57.78,55.28
57.8,55.3
57.82,55.32
57.84,55.34
57.86,55.36
57.88,55.38
57.9,55.4
57.96,55.42
57.98,55.44
58.0,55.46
58.02,55.48
58.06,55.5
58.08,55.52
58.1,55.54
58.12,55.56
58.14,55.58
58.2,55.6
58.22,55.62
58.24,55.64
58.26,55.66
58.28,55.68
58.3,55.7
58.32,55.72
58.34,55.74
58.36,55.76
58.38,55.78
58.4,55.8
58.42,55.82
58.44,55.84
58.46,55.86
58.48,55.88
58.5,55.9
58.52,55.92
58.54,55.94
58.56,55.96
58.58,55.98
58.6,56.0
58.62,56.02
58.64,56.04
58.66,56.06
58.68,56.08
58.7,56.1
58.72,56.12
58.74,56.14
58.76,56.16
58.78,56.18
58.8,56.2
58.82,56.22
58.84,56.24
58.86,56.26
58.88,56.28
58.9,56.3
58.92,56.32
58.94,56.34
58.96,56.36
58.98,56.38
59.0,56.4
59.02,56.42
59.04,56.44
59.1,56.46
59.14,56.48
59.16,56.5
59.2,56.52
59.24,56.54
59.26,56.56
59.5,56.58
59.52,56.6
59.54,56.62
59.56,56.64
59.58,56.66
59.6,56.68
59.62,56.7
59.64,56.72
59.66,56.74
59.68,56.76
59.7,56.78
59.72,56.8
59.74,56.82
59.76,56.84
59.78,56.86
59.8,56.88
59.82,56.9
59.86,56.92
59.88,56.94
59.9,56.96
59.92,56.98
59.94,57.0
59.96,57.02
59.98,57.04
60.02,57.06
60.04,57.08
60.06,57.1
60.08,57.12
60.1,57.14
60.12,57.16
60.14,57.18
60.22,57.2
60.24,57.22
60.28,57.24
60.3,57.26
60.32,57.28
60.34,57.3
60.36,57.32
60.38,57.34
60.4,57.36
60.42,57.38
60.44,57.4
60.46,57.42
60.48,57.44
60.5,57.46
60.52,57.48
60.54,57.5
60.56,57.52
60.58,57.54
60.6,57.56
60.62,57.58
60.64,57.6
60.66,57.62
60.68,57.64
60.7,57.66
60.72,57.68
60.74,57.7
60.76,57.72
60.78,57.74
60.8,57.76
60.82,57.78
60.84,57.8
60.86,57.82
60.88,57.84
60.9,57.86
60.92,57.88
60.94,57.9
60.96,57.92
60.98,57.94
61.0,57.96
61.02,57.98
61.04,58.0
61.06,58.02
61.08,58.04
61.1,58.06
61.12,58.08
61.14,58.1
61.16,58.12
61.18,58.14
61.2,58.16
61.22,58.18
61.24,58.2
61.26,58.22
61.28,58.24
61.3,58.26
61.32,58.28
61.34,58.3
61.36,58.32
61.38,58.34
61.4,58.36
61.56,58.38
61.58,58.4
61.6,58.42
61.62,58.44
61.64,58.46
61.66,58.48
61.68,58.5
61.7,58.52
61.72,58.54
61.74,58.56
61.76,58.58
61.78,58.6
61.8,58.62
61.82,58.64
61.84,58.66
61.86,58.68
61.88,58.7
61.9,58.72
61.92,58.74
61.94,58.76
61.96,58.78
61.98,58.8
62.0,58.82
62.02,58.84
62.04,58.86
62.06,58.88
62.08,58.9
62.1,58.92
62.12,58.94
62.14,58.96
62.16,58.98
62.18,59.0
62.2,59.02
62.22,59.04
62.24,59.06
62.42,59.08
62.44,59.1
62.46,59.12
62.48,59.14
62.5,59.16
62.52,59.18
62.54,59.2
62.56,59.22
62.6,59.24
62.68,59.26
62.7,59.28
62.72,59.3
62.74,59.32
62.76,59.34
62.78,59.36
62.8,59.38
62.82,59.4
62.84,59.42
62.86,59.44
62.88,59.46
62.9,59.48
62.92,59.5
62.94,59.52
62.96,59.54
62.98,59.56
63.0,59.58
63.02,59.6
63.04,59.62
63.06,59.64
63.08,59.66
63.1,59.68
63.18,59.7
63.2,59.72
63.22,59.74
63.24,59.76
63.26,59.78
63.28,59.8
63.3,59.82
63.32,59.84
63.34,59.86
63.36,59.88
63.38,59.9
63.4,59.92
63.42,59.94
63.44,59.96
63.46,59.98
63.48,60.0
63.5,60.02
63.52,60.04
63.6,60.06
63.62,60.08
63.64,60.1
63.66,60.12
63.68,60.14
63.7,60.16
63.72,60.18
63.74,60.2
63.76,60.22
63.78,60.24
63.8,60.26
63.82,60.28
63.84,60.3
63.86,60.32
63.88,60.34
63.92,60.36
63.94,60.38
63.96,60.4
63.98,60.42
64.0,60.44
64.02,60.46
64.04,60.48
64.06,60.5
64.12,60.52
64.14,60.54
64.16,60.56
64.18,60.58
64.2,60.6
64.22,60.62
64.24,60.64
64.26,60.66
64.28,60.68
64.3,60.7
64.32,60.72
64.34,60.74
64.36,60.76
64.38,60.78
64.4,60.8
64.42,60.82
64.44,60.84
64.46,60.86
64.48,60.88
64.5,60.9
64.52,60.92
64.54,60.94
64.56,60.96
64.58,60.98
64.6,61.0
64.62,61.02
64.64,61.04
64.74,61.06
64.76,61.08
64.78,61.1
64.8,61.12
64.82,61.14
64.84,61.16
64.86,61.18
64.88,61.2
64.9,61.22
64.92,61.24
64.94,61.26
64.96,61.28
64.98,61.3
65.0,61.32
65.02,61.34
65.1,61.36
65.16,61.38
65.18,61.4
65.2,61.42
65.34,61.44
65.36,61.46
65.38,61.48
65.4,61.5
65.42,61.52
65.44,61.54
65.46,61.56
65.48,61.58
65.5,61.6
65.54,61.62
65.56,61.64
65.64,61.66
65.66,61.68
65.68,61.7
65.7,61.72
65.72,61.74
65.74,61.76
65.76,61.78
65.78,61.8
65.8,61.82
65.82,61.84
65.84,61.86
65.86,61.88
65.88,61.9
65.9,61.92
65.92,61.94
65.94,61.96
65.96,61.98
65.98,62.0
66.0,62.02
66.02,62.04
66.04,62.06
66.1,62.08
66.12,62.1
66.2,62.12
66.22,62.16
66.24,62.18
66.26,62.2
66.28,62.22
66.3,62.24
66.32,62.26
66.34,62.28
66.36,62.3
66.38,62.32
66.4,62.34
66.42,62.36
66.44,62.38
66.46,62.4
66.48,62.42
66.5,62.44
66.52,62.46
66.54,62.48
66.56,62.5
66.58,62.52
66.6,62.54
66.62,62.56
66.64,62.58
66.66,62.6
66.68,62.62
66.7,62.64
66.72,62.66
66.74,62.68
66.76,62.7
66.78,62.72
66.8,62.74
66.82,62.76
66.84,62.78
66.86,62.8
66.88,62.82
66.9,62.84
66.92,62.86
66.94,62.88
66.96,62.9
66.98,62.92
67.0,62.94
67.02,62.96
67.04,62.98
67.06,63.0
67.08,63.02
67.1,63.04
67.12,63.06
67.14,63.08
67.16,63.1
67.18,63.12
67.2,63.14
67.22,63.16
67.24,63.18
67.26,63.2
67.28,63.22
67.3,63.24
67.32,63.26
67.34,63.28
67.36,63.3
67.38,63.32
67.4,63.34
67.42,63.36
67.44,63.38
67.46,63.4
67.48,63.42
67.5,63.44
67.52,63.46
67.54,63.48
67.56,63.5
67.58,63.52
67.6,63.54
67.62,63.56
67.64,63.58
67.66,63.6
67.68,63.62
67.7,63.64
67.72,63.66
67.74,63.68
67.76,63.7
67.78,63.72
67.8,63.74
67.82,63.76
67.84,63.78
67.86,63.8
67.88,63.82
67.9,63.84
67.92,63.86
67.94,63.88
67.96,63.9
67.98,63.92
68.0,63.94
68.02,63.96
68.04,63.98
68.06,64.0
68.08,64.02
68.1,64.04
68.12,64.06
68.14,64.08
68.22,64.1
68.26,64.12
68.28,64.14
68.3,64.16
68.52,64.18
68.54,64.2
68.56,64.22
68.58,64.24
68.6,64.26
68.62,64.28
68.64,64.3
68.66,64.32
68.68,64.34
68.7,64.36
68.72,64.38
68.74,64.4
68.76,64.42
68.78,64.44
68.8,64.46
68.82,64.48
68.84,64.5
68.86,64.52
68.88,64.54
68.9,64.56
68.92,64.58
68.94,64.6
68.96,64.62
68.98,64.64
69.0,64.66
69.02,64.68
69.04,64.7
69.06,64.72
69.08,64.74
69.1,64.76
69.12,64.78
69.14,64.8
69.16,64.82
69.18,64.84
69.2,64.86
69.22,64.88
69.24,64.9
69.26,64.92
69.28,64.94
69.4,64.96
69.42,64.98
69.44,65.0
69.46,65.02
69.48,65.04
69.5,65.06
69.52,65.08
69.54,65.1
69.56,65.12
69.58,65.14
69.6,65.16
69.62,65.18
69.64,65.2
69.66,65.22
69.68,65.24
69.7,65.26
69.72,65.28
69.76,65.3
69.78,65.32
69.8,65.34
69.82,65.36
69.84,65.38
69.86,65.4
69.88,65.42
69.9,65.44
69.94,65.46
69.96,65.48
70.06,65.5
70.08,65.52
70.16,65.54
70.18,65.56
70.2,65.58
70.22,65.6
70.24,65.62
70.26,65.64
70.28,65.66
70.3,65.68
70.32,65.7
70.34,65.72
70.36,65.74
70.38,65.76
70.4,65.78
70.42,65.8
70.44,65.82
70.46,65.84
70.48,65.86
70.52,65.88
70.54,65.9
70.56,65.92
70.58,65.94
70.6,65.96
70.62,65.98
70.68,66.0
70.74,66.02
70.78,66.04
70.84,66.06
70.9,66.08
70.92,66.1
70.94,66.12
70.96,66.14
70.98,66.16
71.0,66.18
71.02,66.2
71.04,66.22
71.06,66.24
71.08,66.26
71.1,66.28
71.12,66.3
71.14,66.32
71.16,66.34
71.22,66.36
71.24,66.38
71.26,66.4
71.28,66.42
71.3,66.44
71.4,66.46
71.42,66.48
71.44,66.5
71.46,66.52
71.48,66.54
71.5,66.56
71.52,66.58
71.54,66.6
71.56,66.62
71.58,66.64
71.6,66.66
71.62,66.68
71.64,66.72
71.66,66.74
71.68,66.76
71.7,66.78
71.72,66.8
71.74,66.82
71.76,66.84
71.78,66.86
71.8,66.88
71.82,66.9
71.84,66.92
71.86,66.94
71.96,66.96
71.98,66.98
72.0,67.0
72.02,67.02
72.04,67.04
72.06,67.06
72.08,67.08
72.1,67.1
72.12,67.12
72.14,67.14
72.16,67.16
72.18,67.18
72.2,67.2
72.22,67.22
72.24,67.24
72.26,67.26
72.28,67.28
72.3,67.3
72.32,67.32
72.34,67.34
72.52,67.36
72.54,67.38
72.56,67.4
72.58,67.42
72.6,67.44
72.62,67.46
72.64,67.48
72.66,67.5
72.68,67.52
72.7,67.54
72.72,67.56
72.74,67.58
72.76,67.6
72.78,67.62
72.8,67.64
72.82,67.66
72.86,67.68
72.88,67.7
72.9,67.72
72.92,67.74
72.94,67.76
72.96,67.78
72.98,67.8
73.02,67.82
73.04,67.84
73.06,67.86
73.08,67.88
73.1,67.9
73.12,67.92
73.14,67.94
73.16,67.96
73.18,67.98
73.2,68.0
73.22,68.02
73.24,68.04
73.26,68.06
73.28,68.08
73.3,68.1
73.34,68.12
73.36,68.14
73.38,68.16
73.4,68.18
73.42,68.2
73.44,68.22
73.46,68.24
73.64,68.26
73.66,68.28
73.68,68.3
73.7,68.32
73.72,68.34
73.74,68.36
73.76,68.38
73.78,68.4
73.8,68.42
73.82,68.44
73.96,68.46
73.98,68.48
74.0,68.5
74.04,68.52
74.06,68.54
74.08,68.56
74.1,68.58
74.12,68.6
74.14,68.62
74.16,68.64
74.18,68.66
74.2,68.68
74.22,68.7
74.24,68.72
74.26,68.74
74.28,68.76
74.3,68.78
74.32,68.8
74.34,68.82
74.36,68.84
74.38,68.86
74.4,68.88
74.42,68.9
74.44,68.92
74.46,68.94
74.48,68.96
74.5,68.98
74.52,69.0
74.54,69.02
74.56,69.04
74.58,69.06
74.6,69.08
74.62,69.1
74.64,69.12
74.68,69.14
74.7,69.16
74.72,69.18
74.74,69.2
74.76,69.22
74.78,69.24
74.8,69.26
75.2,69.28
75.22,69.3
75.24,69.32
75.26,69.34
75.28,69.36
75.3,69.38
75.34,69.4
75.36,69.42
75.38,69.44
75.46,69.46
75.48,69.48
75.5,69.5
75.52,69.52
75.54,69.54
75.56,69.56
75.58,69.58
75.6,69.6
75.62,69.62
75.64,69.64
75.66,69.66
75.68,69.68
75.7,69.7
75.72,69.72
75.74,69.74
75.78,69.76
75.8,69.78
75.82,69.8
75.84,69.82
75.86,69.84
75.88,69.86
75.9,69.88
75.92,69.9
75.94,69.92
75.96,69.94
75.98,69.96
76.0,69.98
76.02,70.0
76.04,70.02
76.06,70.04
76.08,70.06
76.1,70.08
76.12,70.1
76.14,70.12
76.16,70.14
76.18,70.16
76.2,70.18
76.22,70.2
76.24,70.22
76.26,70.24
76.28,70.26
76.3,70.28
76.32,70.3
76.34,70.32
76.36,70.34
76.38,70.36
76.4,70.38
76.42,70.4
76.44,70.42
76.46,70.44
76.5,70.46
76.54,70.48
76.56,70.5
76.58,70.52
76.6,70.54
76.62,70.56
76.64,70.58
76.66,70.6
76.68,70.62
76.7,70.64
76.72,70.66
76.74,70.68
76.76,70.7
76.78,70.72
76.8,70.74
76.82,70.76
76.84,70.78
76.86,70.8
76.88,70.82
76.9,70.84
76.92,70.86
76.94,70.88
76.96,70.9
76.98,70.92
77.02,70.94
77.04,70.96
77.06,70.98
77.1,71.0
77.14,71.02
77.16,71.04
77.18,71.06
77.2,71.08
77.22,71.1
77.24,71.12
77.26,71.14
77.28,71.16
77.3,71.18
77.32,71.2
77.34,71.22
77.36,71.24
77.38,71.26
77.4,71.28
77.42,71.3
77.44,71.32
77.58,71.34
77.6,71.36
77.62,71.38
77.64,71.4
77.66,71.42
77.68,71.44
77.7,71.46
77.72,71.48
77.74,71.5
77.76,71.52
77.78,71.54
77.8,71.56
77.82,71.58
77.84,71.6
77.86,71.62
77.88,71.64
77.9,71.66
77.92,71.68
77.94,71.7
77.96,71.72
77.98,71.74
78.0,71.76
78.02,71.78
78.04,71.8
78.06,71.82
78.08,71.84
78.1,71.86
78.12,71.88
78.14,71.9
78.16,71.92
78.18,71.94
78.2,71.96
78.22,71.98
78.24,72.0
78.26,72.02
78.28,72.04
78.3,72.06
78.32,72.08
78.38,72.1
78.4,72.12
78.42,72.14
78.44,72.16
78.46,72.18
78.52,72.2
78.54,72.22
78.56,72.24
78.58,72.26
78.6,72.28
78.62,72.3
78.64,72.32
78.66,72.34
78.68,72.36
78.7,72.38
78.72,72.4
78.74,72.42
78.86,72.44
78.88,72.46
78.9,72.48
78.92,72.5
78.94,72.52
78.96,72.54
78.98,72.56
79.0,72.58
79.02,72.6
79.04,72.62
79.06,72.64
79.08,72.66
79.1,72.68
79.12,72.7
79.14,72.72
79.16,72.74
79.18,72.76
79.2,72.78
79.22,72.8
79.24,72.82
79.26,72.84
79.28,72.86
79.3,72.88
79.32,72.9
79.34,72.92
79.36,72.94
79.38,72.96
79.54,72.98
79.56,73.0
79.58,73.02
79.6,73.04
79.62,73.06
79.64,73.08
79.66,73.1
79.68,73.12
79.7,73.14
79.72,73.16
79.74,73.18
79.76,73.2
79.78,73.22
79.8,73.24
79.82,73.26
79.84,73.28
79.86,73.3
79.88,73.32
79.9,73.34
79.92,73.36
79.94,73.38
79.96,73.4
79.98,73.42
80.0,73.44
80.02,73.46
80.04,73.48
80.06,73.5
80.08,73.52
80.1,73.54
80.12,73.56
80.14,73.58
80.16,73.6
80.18,73.62
80.2,73.64
80.22,73.66
80.24,73.68
80.26,73.7
80.28,73.72
80.3,73.74
80.32,73.76
80.34,73.78
80.36,73.8
80.38,73.82
80.4,73.84
80.42,73.86
80.44,73.88
80.46,73.9
80.48,73.92
80.5,73.94
80.52,73.96
80.54,73.98
80.56,74.0
80.58,74.02
80.6,74.04
80.62,74.06
80.64,74.08
80.66,74.1
80.68,74.12
80.7,74.14
80.72,74.16
80.74,74.18
80.76,74.2
80.78,74.22
80.8,74.24
80.94,74.26
80.96,74.28
80.98,74.3
81.0,74.32
81.02,74.34
81.04,74.36
81.06,74.38
81.14,74.4
81.16,74.42
81.18,74.44
81.2,74.46
81.22,74.48
81.24,74.5
81.26,74.52
81.3,74.54
81.36,74.56
81.38,74.58
81.4,74.6
81.42,74.62
81.44,74.64
81.46,74.66
81.48,74.68
81.5,74.7
81.52,74.72
81.54,74.74
81.56,74.76
81.58,74.78
81.6,74.8
81.62,74.82
81.64,74.84
81.66,74.86
81.68,74.88
81.7,74.9
81.72,74.92
81.76,74.94
81.78,74.96
81.82,74.98
81.84,75.0
81.86,75.02
81.88,75.04
81.9,75.06
81.92,75.08
81.94,75.1
81.96,75.12
81.98,75.14
82.0,75.16
82.02,75.18
82.04,75.2
82.06,75.22
82.08,75.24
82.1,75.26
82.12,75.28
82.14,75.3
82.16,75.32
82.18,75.34
82.2,75.36
82.22,75.38
82.24,75.4
82.28,75.42
82.3,75.44
82.32,75.46
82.34,75.48
82.36,75.5
82.38,75.52
82.4,75.54
82.42,75.56
82.44,75.58
82.46,75.6
82.48,75.62
82.5,75.64
82.52,75.66
82.54,75.68
82.56,75.7
82.58,75.72
82.6,75.74
82.62,75.76
82.64,75.78
82.66,75.8
82.68,75.82
82.7,75.84
82.72,75.86
82.74,75.88
82.76,75.9
82.78,75.92
82.8,75.94
82.82,75.96
82.84,75.98
82.86,76.0
82.88,76.02
82.9,76.04
82.92,76.06
82.94,76.08
82.96,76.1
82.98,76.12
83.0,76.14
83.02,76.16
83.04,76.18
83.06,76.2
83.08,76.22
83.1,76.24
83.12,76.26
83.14,76.28
83.16,76.3
83.18,76.32
83.2,76.34
83.22,76.36
83.24,76.38
83.26,76.4
83.28,76.42
83.3,76.44
83.32,76.46
83.34,76.48
83.4,76.5
83.42,76.52
83.44,76.54
83.46,76.56
83.48,76.58
83.5,76.6
83.52,76.62
83.58,76.64
83.6,76.66
83.62,76.68
83.64,76.7
83.66,76.72
83.68,76.74
83.7,76.76
83.72,76.78
83.74,76.8
83.76,76.82
83.78,76.84
83.8,76.86
83.82,76.88
83.84,76.9
83.86,76.92
83.88,76.94
83.9,76.96
83.92,76.98
83.94,77.0
83.96,77.02
83.98,77.04
84.0,77.06
84.02,77.08
84.04,77.1
84.06,77.12
84.08,77.14
84.1,77.16
84.12,77.18
84.14,77.2
84.16,77.22
84.18,77.24
84.2,77.26
84.22,77.28
84.24,77.3
84.26,77.32
84.28,77.34
84.32,77.36
84.34,77.38
84.36,77.4
84.38,77.42
84.4,77.44
84.42,77.46
84.44,77.48
84.46,77.5
84.48,77.52
84.5,77.54
84.52,77.56
84.54,77.58
84.56,77.6
84.58,77.62
84.6,77.64
84.62,77.66
84.64,77.68
84.66,77.7
84.68,77.72
84.7,77.74
84.72,77.76
84.74,77.78
84.76,77.8
84.78,77.82
84.8,77.84
84.82,77.86
84.84,77.88
84.86,77.9
84.88,77.92
84.9,77.94
84.92,77.96
84.94,77.98
84.96,78.0
84.98,78.02
85.0,78.04
85.02,78.06
85.04,78.08
85.06,78.1
85.08,78.12
85.1,78.14
85.12,78.16
85.22,78.18
85.24,78.2
85.26,78.22
85.28,78.24
85.3,78.26
85.32,78.28
85.34,78.3
85.36,78.32
85.38,78.34
85.4,78.36
85.42,78.38
85.44,78.4
85.46,78.42
85.48,78.46
85.5,78.48
85.52,78.5
85.54,78.52
85.56,78.54
85.58,78.56
85.6,78.58
85.62,78.6
85.64,78.62
85.7,78.64
85.72,78.66
85.74,78.68
85.84,78.7
85.86,78.72
85.88,78.74
85.92,78.76
85.94,78.78
85.96,78.8
85.98,78.82
86.0,78.84
86.02,78.86
86.04,78.88
86.06,78.9
86.08,78.92
86.1,78.94
86.12,78.96
86.14,78.98
86.16,79.0
86.18,79.02
86.2,79.04
86.22,79.06
86.24,79.08
86.26,79.1
86.28,79.12
86.3,79.14
86.32,79.16
86.34,79.2
86.36,79.22
86.38,79.24
86.4,79.26
86.42,79.28
86.44,79.3
86.46,79.32
86.48,79.34
86.5,79.36
86.52,79.38
86.54,79.4
86.56,79.42
86.58,79.44
86.6,79.46
86.62,79.48
86.64,79.5
86.66,79.52
86.68,79.54
86.7,79.56
86.72,79.58
86.74,79.6
86.76,79.62
86.78,79.64
86.8,79.66
86.82,79.68
86.84,79.7
86.86,79.72
86.88,79.74
86.9,79.76
86.92,79.78
86.94,79.8
86.96,79.82
86.98,79.84
87.0,79.86
87.02,79.88
87.04,79.9
87.06,79.92
87.08,79.94
87.1,79.96
87.12,79.98
87.14,80.0
87.16,80.02
87.18,80.04
87.2,80.06
87.22,80.08
87.24,80.1
87.26,80.12
87.28,80.14
87.3,80.16
87.32,80.18
87.34,80.2
87.36,80.22
87.38,80.24
87.4,80.26
87.42,80.28
87.44,80.3
87.46,80.32
87.48,80.34
87.5,80.36
87.52,80.38
87.54,80.4
87.56,80.42
87.58,80.44
87.6,80.46
87.62,80.48
87.64,80.5
87.66,80.52
87.68,80.54
87.7,80.56
87.72,80.58
87.74,80.6
87.76,80.62
87.78,80.64
87.8,80.66
87.82,80.68
87.84,80.7
87.86,80.72
87.88,80.74
87.9,80.76
87.92,80.78
87.94,80.8
87.96,80.82
87.98,80.84
88.0,80.86
88.02,80.88
88.04,80.9
88.06,80.92
88.08,80.94
88.1,80.96
88.12,80.98
88.14,81.0
88.16,81.02
88.18,81.04
88.2,81.06
88.22,81.08
88.24,81.1
88.26,81.12
88.28,81.14
88.3,81.16
88.32,81.18
88.34,81.2
88.36,81.22
88.38,81.24
88.4,81.26
88.42,81.28
88.44,81.3
88.46,81.32
88.48,81.34
88.5,81.36
88.52,81.38
88.54,81.4
88.56,81.42
88.58,81.44
88.6,81.46
88.62,81.48
88.64,81.52
88.66,81.56
88.68,81.58
88.7,81.6
88.72,81.62
88.74,81.64
88.76,81.66
88.78,81.68
88.8,81.7
88.82,81.72
88.84,81.74
88.86,81.76
88.88,81.78
88.9,81.8
88.92,81.82
88.94,81.84
88.96,81.86
88.98,81.88
89.0,81.9
89.02,81.92
89.04,81.94
89.06,81.96
89.08,81.98
89.1,82.0
89.12,82.02
89.14,82.04
89.16,82.06
89.18,82.08
89.2,82.1
89.22,82.12
89.24,82.14
89.26,82.16
89.28,82.18
89.3,82.2
89.32,82.22
89.34,82.24
89.36,82.26
89.38,82.28
89.4,82.3
89.42,82.32
89.44,82.34
89.46,82.36
89.48,82.38
89.5,82.4
89.52,82.42
89.54,82.44
89.56,82.46
89.58,82.48
89.6,82.5
89.62,82.52
89.68,82.54
89.7,82.56
89.72,82.58
89.74,82.6
89.76,82.62
89.78,82.64
89.8,82.66
89.82,82.68
89.84,82.7
89.86,82.72
89.88,82.74
89.9,82.76
89.92,82.78
89.94,82.8
89.96,82.82
89.98,82.84
90.0,82.86
90.02,82.88
90.04,82.9
90.06,82.92
90.08,82.94
90.1,82.96
90.12,82.98
90.18,83.0
90.2,83.02
90.22,83.04
90.24,83.06
90.32,83.08
90.34,83.1
90.36,83.12
90.38,83.14
90.4,83.16
90.42,83.18
90.44,83.2
90.46,83.22
90.48,83.24
90.5,83.26
90.52,83.28
90.54,83.3
90.56,83.32
90.58,83.34
90.64,83.36
90.68,83.38
90.7,83.4
90.72,83.42
90.74,83.44
90.76,83.46
90.78,83.48
90.8,83.5
90.82,83.52
90.84,83.54
90.86,83.56
90.88,83.58
90.9,83.6
90.92,83.62
90.94,83.64
90.96,83.66
90.98,83.68
91.0,83.7
91.02,83.72
91.04,83.74
91.06,83.76
91.08,83.78
91.1,83.8
91.12,83.82
91.14,83.84
91.16,83.86
91.18,83.88
91.2,83.9
91.22,83.92
91.24,83.94
91.26,83.96
91.28,83.98
91.3,84.0
91.38,84.02
91.4,84.04
91.42,84.06
91.44,84.08
91.46,84.1
91.48,84.12
91.5,84.14
91.52,84.16
91.54,84.18
91.56,84.2
91.58,84.22
91.6,84.24
91.62,84.26
91.64,84.28
91.66,84.3
91.68,84.32
91.7,84.34
91.72,84.36
91.74,84.38
91.76,84.4
91.78,84.42
91.8,84.44
91.82,84.46
91.84,84.48
91.86,84.5
91.88,84.52
91.9,84.54
91.92,84.56
91.94,84.58
91.96,84.6
91.98,84.62
92.0,84.64
92.02,84.66
92.04,84.68
92.06,84.7
92.08,84.72
92.1,84.74
92.12,84.76
92.14,84.78
92.16,84.8
92.18,84.82
92.2,84.84
92.22,84.86
92.24,84.88
92.26,84.9
92.28,84.92
92.3,84.94
92.32,84.96
92.34,84.98
92.36,85.02
92.38,85.04
92.4,85.06
92.42,85.08
92.44,85.1
92.46,85.12
92.48,85.14
92.5,85.16
92.52,85.18
92.54,85.2
92.56,85.22
92.58,85.24
92.6,85.26
92.62,85.28
92.64,85.3
92.66,85.32
92.68,85.34
92.7,85.36
92.72,85.38
92.74,85.4
92.76,85.42
92.78,85.44
92.8,85.46
92.82,85.48
92.84,85.5
92.86,85.52
92.88,85.54
92.9,85.56
92.92,85.58
92.94,85.6
92.96,85.62
92.98,85.64
93.0,85.66
93.02,85.68
93.04,85.7
93.06,85.72
93.08,85.74
93.1,85.76
93.12,85.78
93.14,85.8
93.16,85.82
93.18,85.84
93.2,85.86
93.22,85.88
93.24,85.9
93.26,85.92
93.28,85.94
93.3,85.96
93.32,85.98
93.34,86.0
93.36,86.02
93.38,86.04
93.42,86.06
93.46,86.08
93.48,86.1
93.5,86.12
93.52,86.14
93.54,86.16
93.56,86.18
93.58,86.2
93.6,86.22
93.62,86.24
93.64,86.26
93.66,86.28
93.68,86.3
93.7,86.32
93.72,86.34
93.74,86.36
93.76,86.38
93.78,86.4
93.8,86.42
93.82,86.44
93.84,86.46
93.86,86.48
93.88,86.5
93.9,86.52
93.92,86.54
93.94,86.56
93.96,86.58
93.98,86.6
94.0,86.62
94.02,86.64
94.04,86.66
94.06,86.68
94.08,86.7
94.1,86.72
94.12,86.74
94.14,86.76
94.18,86.78
94.2,86.8
94.22,86.82
94.24,86.84
94.28,86.86
94.3,86.88
94.32,86.9
94.34,86.92
94.36,86.94
94.38,86.96
94.4,86.98
94.42,87.0
94.44,87.02
94.46,87.04
94.48,87.06
94.5,87.08
94.52,87.1
94.54,87.12
94.56,87.14
94.58,87.16
94.6,87.18
94.62,87.2
94.64,87.22
94.66,87.24
94.68,87.26
94.7,87.28
94.72,87.3
94.74,87.32
94.76,87.34
94.78,87.36
94.8,87.38
94.82,87.4
94.84,87.42
94.86,87.44
94.88,87.46
94.9,87.48
94.92,87.5
94.98,87.52
95.0,87.54
95.02,87.56
95.04,87.58
95.06,87.6
95.08,87.62
95.1,87.64
95.12,87.66
95.14,87.68
95.16,87.7
95.18,87.72
95.2,87.74
95.22,87.76
95.24,87.78
95.26,87.8
95.28,87.82
95.3,87.84
95.32,87.86
95.34,87.88
95.36,87.9
95.38,87.92
95.4,87.94
95.44,87.96
95.46,87.98
95.48,88.0
95.54,88.02
95.56,88.04
95.58,88.06
95.6,88.08
95.62,88.1
95.64,88.12
95.66,88.14
95.68,88.16
95.7,88.18
95.72,88.2
95.74,88.22
95.76,88.24
95.78,88.26
95.8,88.28
95.82,88.3
95.84,88.32
95.86,88.34
95.88,88.36
95.9,88.38
95.92,88.4
95.94,88.42
95.96,88.44
95.98,88.46
96.0,88.48
96.02,88.5
96.04,88.52
96.06,88.54
96.08,88.56
96.1,88.58
96.12,88.6
96.14,88.62
96.16,88.64
96.18,88.66
96.2,88.68
96.22,88.7
96.24,88.72
96.26,88.74
96.28,88.76
96.3,88.78
96.32,88.8
96.34,88.82
96.36,88.84
96.38,88.86
96.4,88.88
96.42,88.9
96.44,88.92
96.46,88.94
96.48,88.96
96.5,88.98
96.52,89.0
96.54,89.02
96.56,89.04
96.58,89.06
96.6,89.08
96.62,89.1
96.64,89.12
96.66,89.14
96.68,89.16
96.7,89.18
96.72,89.2
96.74,89.22
96.76,89.24
96.78,89.26
96.8,89.28
96.82,89.3
96.84,89.32
96.86,89.34
96.88,89.36
96.9,89.38
96.92,89.4
96.94,89.42
96.96,89.44
96.98,89.46
97.0,89.48
97.02,89.5
97.04,89.52
97.06,89.54
97.1,89.56
97.12,89.58
97.14,89.6
97.16,89.62
97.18,89.64
97.2,89.66
97.22,89.68
97.24,89.7
97.26,89.72
97.28,89.74
97.3,89.76
97.32,89.78
97.34,89.8
97.36,89.82
97.38,89.84
97.4,89.86
97.42,89.88
97.44,89.9
97.46,89.92
97.48,89.94
97.5,89.96
97.52,89.98
97.54,90.0
97.62,90.02
97.64,90.04
97.66,90.06
97.68,90.08
97.7,90.1
97.76,90.12
97.78,90.14
97.8,90.16
97.82,90.18
97.84,90.2
97.86,90.22
97.92,90.24
97.94,90.26
97.96,90.28
97.98,90.3
98.0,90.32
98.02,90.34
98.04,90.36
98.06,90.38
98.08,90.4
98.1,90.42
98.12,90.44
98.14,90.46
98.16,90.48
98.18,90.5
98.2,90.52
98.22,90.54
98.24,90.56
98.26,90.58
98.28,90.6
98.3,90.62
98.32,90.64
98.34,90.66
98.36,90.68
98.38,90.7
98.4,90.72
98.42,90.74
98.44,90.76
98.46,90.78
98.48,90.8
98.5,90.84
98.52,90.86
98.54,90.88
98.56,90.9
98.58,90.92
98.6,90.94
98.62,90.96
98.64,90.98
98.66,91.0
98.68,91.02
98.7,91.04
98.72,91.06
98.74,91.08
98.76,91.1
98.78,91.12
98.8,91.14
98.82,91.16
98.84,91.18
98.86,91.2
98.88,91.22
98.9,91.24
98.92,91.26
98.94,91.28
98.96,91.3
98.98,91.32
99.0,91.34
99.02,91.38
99.04,91.4
99.06,91.42
99.08,91.44
99.1,91.46
99.12,91.48
99.14,91.5
99.16,91.52
99.18,91.54
99.2,91.56
99.22,91.58
99.24,91.6
99.26,91.62
99.28,91.64
99.3,91.66
99.32,91.68
99.34,91.7
99.36,91.72
99.38,91.74
99.4,91.76
99.42,91.78
99.44,91.8
99.46,91.82
99.48,91.84
99.5,91.86
99.52,91.88
99.54,91.9
99.56,91.92
99.58,91.94
99.6,91.96
99.62,91.98
99.64,92.0
99.66,92.02
99.68,92.04
99.7,92.06
99.72,92.08
99.74,92.12
99.76,92.14
99.78,92.16
99.8,92.18
99.82,92.2
99.84,92.22
99.86,92.24
99.88,92.26
99.9,92.28
99.92,92.3
99.94,92.32
99.96,92.34
99.98,92.36
100.0,92.38
100.02,92.4
100.04,92.42
100.06,92.44
100.08,92.46
100.1,92.48
100.12,92.5
100.14,92.52
100.22,92.54
100.24,92.56
100.26,92.58
100.28,92.6
100.4,92.62
100.44,92.64
100.48,92.66
100.5,92.68
100.52,92.7
100.54,92.72
100.56,92.74
100.58,92.76
100.6,92.78
100.62,92.8
100.64,92.82
100.66,92.84
100.68,92.86
100.7,92.88
100.72,92.9
100.74,92.92
100.76,92.94
100.78,92.98
100.8,93.0
100.82,93.02
100.84,93.04
100.86,93.06
100.88,93.08
100.9,93.1
100.92,93.12
100.94,93.14
100.96,93.16
100.98,93.18
101.0,93.2
101.02,93.22
101.04,93.24
101.06,93.26
101.08,93.28
101.1,93.3
101.12,93.32
101.14,93.34
101.16,93.36
101.18,93.38
101.2,93.4
101.22,93.42
101.24,93.44
101.26,93.46
101.28,93.48
101.3,93.5
101.32,93.52
101.34,93.54
101.36,93.56
101.38,93.58
101.4,93.6
101.42,93.62
101.44,93.64
101.46,93.66
101.48,93.68
101.5,93.7
101.52,93.72
101.56,93.74
101.58,93.76
101.6,93.78
101.62,93.8
101.64,93.82
101.66,93.84
101.68,93.86
101.7,93.88
101.72,93.9
101.74,93.92
101.76,93.94
101.78,93.96
101.8,93.98
101.82,94.0
101.84,94.02
101.86,94.04
101.88,94.06
101.9,94.08
101.92,94.1
101.94,94.12
101.96,94.14
101.98,94.16
102.0,94.18
102.02,94.2
102.04,94.26
102.06,94.28
102.08,94.3
102.1,94.32
102.12,94.34
102.14,94.36
102.16,94.38
102.18,94.4
102.2,94.42
102.22,94.44
102.24,94.46
102.26,94.48
102.28,94.52
102.3,94.54
102.32,94.64
102.34,94.68
102.36,94.72
102.38,94.74
102.4,94.76
102.42,94.8
102.44,94.82
102.46,94.84
102.48,94.86
102.5,94.88
102.52,94.9
102.54,94.92
102.56,94.94
102.58,94.96
102.6,94.98
102.62,95.0
102.64,95.02
102.66,95.04
102.68,95.06
102.7,95.08
102.72,95.1
102.74,95.12
102.76,95.14
102.78,95.16
102.8,95.18
102.82,95.2
102.84,95.22
102.86,95.24
102.88,95.26
102.9,95.28
102.92,95.3
102.94,95.32
102.96,95.34
102.98,95.36
103.0,95.38
103.02,95.4
103.04,95.42
103.06,95.44
103.08,95.46
103.1,95.48
103.12,95.5
103.14,95.52
103.16,95.54
103.18,95.56
103.2,95.58
103.22,95.6
103.24,95.62
103.26,95.64
103.28,95.66
103.3,95.68
103.32,95.7
103.34,95.72
103.36,95.74
103.38,95.76
103.4,95.78
103.42,95.8
103.44,95.82
103.46,95.84
103.48,95.86
103.5,95.88
103.52,95.9
103.54,95.92
103.56,95.94
103.58,95.96
103.6,96.1
103.62,96.14
103.64,96.16
103.66,96.18
103.68,96.2
103.7,96.22
103.72,96.24
103.74,96.26
103.76,96.28
103.78,96.3
103.8,96.32
103.82,96.34
103.84,96.36
103.86,96.38
103.88,96.4
103.9,96.42
103.92,96.48
103.94,96.5
103.96,96.52
103.98,96.54
104.0,96.56
104.02,96.58
104.04,96.6
104.06,96.62
104.08,96.64
104.1,96.66
104.12,96.68
104.14,96.7
104.16,96.72
104.18,96.74
104.2,96.76
104.22,96.78
104.24,96.8
104.26,96.82
104.28,96.84
104.3,96.86
104.32,96.88
104.34,96.9
104.36,96.92
104.38,96.94
104.4,96.96
104.42,96.98
104.44,97.0
104.46,97.02
104.48,97.04
104.5,97.06
104.52,97.08
104.54,97.1
104.56,97.12
104.58,97.14
104.6,97.22
104.62,97.24
104.64,97.26
104.66,97.28
104.68,97.3
104.7,97.32
104.72,97.34
104.74,97.36
104.76,97.38
104.78,97.4
104.8,97.42
104.82,97.44
104.84,97.46
104.86,97.48
104.88,97.5
104.9,97.52
104.92,97.68
104.94,97.72
104.96,97.74
104.98,97.76
105.0,97.78
105.02,97.8
105.04,97.82
105.06,97.88
105.08,97.94
105.1,97.96
105.12,97.98
105.14,98.0
105.16,98.02
105.18,98.04
105.2,98.06
105.22,98.08
105.24,98.1
105.26,98.12
105.28,98.14
105.3,98.16
105.32,98.18
105.34,98.2
105.36,98.22
105.38,98.24
105.44,98.26
105.46,98.28
105.56,98.3
105.58,98.32
105.62,98.34
105.64,98.36
105.66,98.38
105.68,98.4
105.7,98.42
105.72,98.44
105.74,98.46
105.76,98.5
105.78,98.52
105.8,98.54
105.82,98.56
105.84,98.58
105.86,98.6
105.88,98.62
105.9,98.64
105.92,98.66
105.94,98.68
105.96,98.7
105.98,98.72
106.0,98.74
106.02,98.76
106.04,98.78
106.06,98.8
106.08,98.82
106.1,98.84
106.12,98.86
106.14,98.88
106.16,98.9
106.18,98.92
106.2,98.94
106.22,98.96
106.24,98.98
106.26,99.0
106.28,99.02
106.3,99.04
106.32,99.06
106.34,99.08
106.36,99.1
106.38,99.12
106.4,99.14
106.42,99.16
106.44,99.18
106.46,99.2
106.48,99.22
106.5,99.24
106.52,99.26
106.54,99.28
106.56,99.3
106.58,99.32
106.6,99.36
106.62,99.42
106.64,99.44
106.66,99.46
106.68,99.48
106.7,99.5
106.72,99.52
106.74,99.56
106.76,99.58
106.78,99.6
106.8,99.62
106.82,99.64
106.84,99.66
106.86,99.68
106.88,99.7
106.9,99.72
106.92,99.74
106.94,99.76
106.96,99.78
106.98,99.8
107.0,99.82
107.02,99.84
107.04,99.86
107.06,99.88
107.08,99.9
107.1,99.92
107.12,99.94
107.14,99.96
107.16,99.98
107.18,100.0
107.2,100.02
107.22,100.04
107.24,100.06
107.26,100.08
107.28,100.1
107.3,100.12
107.32,100.14
107.34,100.16
107.36,100.18
107.42,100.2
107.44,100.22
107.46,100.24
107.48,100.26
107.5,100.28
107.52,100.3
107.54,100.32
107.56,100.34
107.58,100.36
107.6,100.38
107.62,100.4
107.64,100.42
107.66,100.44
107.68,100.46
107.7,100.48
107.72,100.5
107.74,100.52
107.76,100.54
107.78,100.56
107.8,100.58
107.82,100.6
107.84,100.62
107.86,100.64
107.88,100.66
107.9,100.68
107.92,100.7
107.94,100.72
107.96,100.74
107.98,100.76
108.0,100.78
108.02,100.8
108.04,100.82
108.06,100.84
108.08,100.86
108.1,100.88
108.12,100.9
108.14,100.92
108.16,100.94
108.18,100.96
108.2,100.98
108.22,101.0
108.24,101.02
108.26,101.04
108.28,101.06
108.3,101.08
108.32,101.1
108.34,101.14
108.36,101.16
108.38,101.18
108.4,101.2
108.42,101.22
108.44,101.24
108.46,101.28
108.48,101.3
108.5,101.32
108.52,101.34
108.54,101.36
108.56,101.38
108.58,101.4
108.6,101.42
108.62,101.44
108.64,101.46
108.66,101.48
108.68,101.5
108.7,101.54
108.72,101.56
108.74,101.58
108.76,101.6
108.78,101.62
108.8,101.64
108.82,101.66
108.84,101.68
108.86,101.7
108.88,101.72
108.9,101.74
108.92,101.76
108.94,101.78
108.96,101.8
108.98,101.82
109.0,101.84
109.02,101.86
109.04,101.88
109.06,101.9
109.08,101.92
109.1,101.94
109.14,101.96
109.16,101.98
109.18,102.0
109.2,102.02
109.22,102.04
109.24,102.06
109.26,102.08
109.28,102.1
109.3,102.12
109.32,102.14
109.34,102.16
109.36,102.18
109.38,102.2
109.4,102.22
109.42,102.24
109.44,102.26
109.46,102.28
109.48,102.3
109.5,102.32
109.52,102.34
109.54,102.36
109.56,102.38
109.58,102.4
109.6,102.42
109.62,102.46
109.64,102.54
109.66,102.56
109.68,102.58
109.7,102.6
109.72,102.62
109.74,102.64
109.76,102.66
109.78,102.68
109.8,102.7
109.82,102.72
109.84,102.74
109.86,102.76
109.88,102.78
109.9,102.8
109.92,102.82
109.94,102.84
109.96,102.86
109.98,102.88
110.0,102.9
110.02,102.92
110.04,102.94
110.06,102.96
110.08,102.98
110.1,103.0
110.12,103.02
110.14,103.04
110.16,103.06
110.18,103.08
110.2,103.1
110.22,103.12
110.24,103.14
110.26,103.16
110.28,103.18
110.3,103.2
110.32,103.22
110.34,103.24
110.36,103.26
110.38,103.28
110.42,103.3
110.44,103.32
110.46,103.34
110.48,103.36
110.5,103.38
110.52,103.4
110.54,103.42
110.56,103.44
110.58,103.46
110.6,103.48
110.62,103.5
110.64,103.52
110.66,103.54
110.68,103.56
110.7,103.58
110.72,103.6
110.74,103.62
110.76,103.64
110.78,103.66
110.8,103.68
110.82,103.7
110.84,103.72
110.86,103.74
110.88,103.76
110.9,103.78
110.92,103.8
110.94,103.82
110.96,103.84
110.98,103.86
111.0,103.88
111.02,103.9
111.04,103.92
111.06,103.94
111.08,103.96
111.1,103.98
111.12,104.0
111.14,104.02
111.16,104.04
111.18,104.06
111.2,104.08
111.22,104.1
111.24,104.12
111.26,104.14
111.28,104.16
111.3,104.18
111.32,104.2
111.34,104.22
111.36,104.24
111.38,104.26
111.4,104.28
111.42,104.3
111.44,104.32
111.46,104.34
111.48,104.36
111.5,104.38
111.52,104.4
111.54,104.42
111.56,104.44
111.58,104.52
111.6,104.54
111.62,104.56
111.64,104.58
111.66,104.6
111.68,104.62
111.7,104.64
111.72,104.66
111.74,104.68
111.76,104.7
111.78,104.72
111.8,104.74
111.82,104.76
111.84,104.78
111.86,104.8
111.88,104.82
111.9,104.84
111.92,104.86
111.94,104.88
111.96,104.9
111.98,104.92
112.0,104.94
112.02,104.96
112.04,104.98
112.06,105.0
112.08,105.02
112.1,105.04
112.12,105.06
112.14,105.08
112.16,105.1
112.18,105.12
112.2,105.14
112.22,105.16
112.24,105.18
112.26,105.2
112.28,105.22
112.3,105.24
112.32,105.26
112.34,105.28
112.36,105.3
112.38,105.32
112.4,105.34
112.42,105.36
112.44,105.38
112.46,105.4
112.48,105.42
112.5,105.44
112.52,105.46
112.54,105.48
112.56,105.5
112.58,105.52
112.6,105.54
112.62,105.56
112.64,105.58
112.66,105.6
112.68,105.62
112.7,105.64
112.72,105.66
112.74,105.68
112.76,105.7
112.78,105.72
112.8,105.74
112.82,105.76
112.84,105.78
112.86,105.8
112.88,105.82
112.9,105.84
112.92,105.96
112.94,105.98
112.96,106.0
112.98,106.02
113.0,106.04
113.02,106.06
113.04,106.08
113.06,106.1
113.08,106.12
113.1,106.14
113.12,106.16
113.14,106.18
113.16,106.2
113.18,106.22
113.2,106.24
113.22,106.26
113.24,106.28
113.26,106.3
113.28,106.32
113.3,106.34
113.32,106.36
113.34,106.38
113.36,106.4
113.38,106.42
113.4,106.44
113.42,106.46
113.44,106.48
113.46,106.5
113.48,106.52
113.52,106.54
113.56,106.56
113.62,106.58
113.64,106.6
113.66,106.62
113.68,106.64
113.7,106.66
113.72,106.68
113.74,106.7
113.76,106.72
113.78,106.74
113.8,106.76
113.82,106.78
113.84,106.8
113.86,106.82
113.88,106.84
113.9,106.86
113.92,106.88
113.94,106.9
113.96,106.92
113.98,106.94
114.0,106.98
114.02,107.0
114.04,107.02
114.06,107.04
114.08,107.06
114.1,107.12
114.12,107.14
114.14,107.2
114.16,107.24
114.18,107.26
114.2,107.3
114.22,107.32
114.24,107.34
114.26,107.36
114.28,107.38
114.3,107.4
114.32,107.42
114.34,107.44
114.36,107.46
114.38,107.48
114.4,107.5
114.42,107.52
114.44,107.54
114.46,107.56
114.48,107.58
114.5,107.6
114.52,107.62
114.54,107.64
114.56,107.66
114.58,107.68
114.6,107.7
114.62,107.72
114.64,107.74
114.66,107.78
114.68,107.8
114.7,107.82
114.72,107.84
114.74,107.86
114.76,107.88
114.78,107.9
114.8,107.92
114.82,107.94
114.84,107.96
114.86,107.98
114.88,108.0
114.9,108.02
114.92,108.04
114.94,108.06
114.96,108.08
114.98,108.1
115.0,108.12
115.02,108.14
115.04,108.16
115.08,108.18
115.1,108.2
115.12,108.22
115.14,108.24
115.16,108.26
115.18,108.28
115.2,108.3
115.22,108.32
115.24,108.34
115.26,108.36
115.28,108.38
115.3,108.4
115.32,108.42
115.34,108.44
115.36,108.46
115.38,108.48
115.4,108.5
115.42,108.52
115.44,108.54
115.46,108.56
115.48,108.58
115.5,108.6
115.52,108.62
115.54,108.64
115.56,108.66
115.58,108.68
115.6,108.7
115.62,108.72
115.64,108.74
115.66,108.76
115.68,108.78
115.7,108.8
115.72,108.82
115.74,108.84
115.76,108.86
115.78,108.88
115.8,108.9
115.94,108.92
115.96,108.94
115.98,108.96
116.0,108.98
116.02,109.0
116.04,109.02
116.06,109.04
116.08,109.06
116.1,109.08
116.12,109.1
116.14,109.12
116.16,109.14
116.18,109.16
116.2,109.18
116.22,109.2
116.24,109.22
116.26,109.24
116.28,109.26
116.3,109.28
116.32,109.3
116.34,109.32
116.36,109.34
116.38,109.36
116.4,109.38
116.42,109.4
116.44,109.42
116.46,109.44
116.48,109.46
116.52,109.48
116.54,109.5
116.56,109.52
116.58,109.54
116.6,109.56
116.62,109.58
116.64,109.6
116.66,109.62
116.68,109.64
116.7,109.66
116.72,109.68
116.74,109.7
116.76,109.72
116.78,109.74
116.8,109.76
116.82,109.78
116.84,109.8
116.86,109.82
116.88,109.84
116.9,109.86
116.92,109.88
116.94,109.9
116.96,109.92
116.98,109.94
117.02,109.96
117.04,109.98
117.06,110.0
117.08,110.02
117.1,110.04
117.12,110.06
117.14,110.08
117.16,110.1
117.18,110.12
117.2,110.14
117.22,110.16
117.24,110.18
117.26,110.2
117.28,110.22
117.3,110.24
117.32,110.26
117.34,110.28
117.36,110.3
117.38,110.32
117.4,110.34
117.42,110.36
117.44,110.38
117.46,110.4
117.48,110.42
117.5,110.44
117.52,110.46
117.54,110.48
117.56,110.5
117.58,110.52
117.6,110.54
117.62,110.56
117.64,110.58
117.66,110.6
117.68,110.62
117.7,110.64
117.72,110.66
117.74,110.68
117.76,110.7
117.78,110.72
117.8,110.74
117.82,110.76
117.84,110.78
117.86,110.8
117.88,110.82
117.9,110.84
117.92,110.86
117.94,110.88
117.96,110.9
117.98,110.92
118.0,110.94
118.02,110.96
118.04,110.98
118.06,111.0
118.08,111.02
118.1,111.04
118.12,111.06
118.14,111.08
118.16,111.1
118.18,111.12
118.2,111.14
118.22,111.16
118.24,111.18
118.38,111.2
118.4,111.22
118.42,111.24
118.44,111.26
118.46,111.28
118.48,111.3
118.5,111.32
118.52,111.34
118.54,111.36
118.56,111.38
118.58,111.4
118.6,111.42
118.62,111.44
118.64,111.46
118.66,111.48
118.68,111.5
118.7,111.52
118.72,111.54
118.74,111.56
118.76,111.58
118.78,111.6
118.8,111.62
118.82,111.64
118.84,111.66
118.86,111.68
118.88,111.7
118.9,111.72
118.92,111.74
118.94,111.76
118.96,111.78
118.98,111.8
119.0,111.82
119.02,111.84
119.04,111.86
119.06,111.88
119.08,111.9
119.1,111.92
119.12,111.94
119.14,111.96
119.16,111.98
119.18,112.0
119.2,112.02
119.22,112.04
119.24,112.06
119.26,112.08
119.28,112.1
119.3,112.12
119.32,112.14
119.34,112.16
119.36,112.18
119.38,112.2
119.4,112.22
119.42,112.24
119.44,112.26
119.46,112.28
119.48,112.3
119.5,112.32
119.52,112.34
119.54,112.36
119.56,112.38
119.58,112.4
119.6,112.42
119.62,112.44
119.64,112.46
119.66,112.48
119.68,112.5
119.7,112.52
119.72,112.54
119.74,112.56
119.76,112.58
119.78,112.6
119.8,112.62
119.82,112.64
119.84,112.66
119.86,112.68
119.88,112.7
119.9,112.72
119.92,112.74
119.94,112.76
119.96,112.78
119.98,112.8
120.0,112.82
120.02,112.84
120.04,112.86
120.06,112.88
120.08,112.9
120.1,112.92
120.12,112.94
120.14,112.96
120.16,112.98
120.18,113.0
120.2,113.02
120.22,113.04
120.24,113.06
120.26,113.08
120.28,113.1
120.3,113.12
120.32,113.14
120.34,113.16
120.36,113.18
120.38,113.2
120.4,113.22
120.42,113.24
120.44,113.26
120.46,113.28
120.48,113.3
120.5,113.32
120.52,113.34
120.54,113.36
120.56,113.38
120.58,113.4
120.6,113.42
120.62,113.44
120.64,113.46
120.66,113.48
120.68,113.5
120.78,113.52
120.8,113.54
120.82,113.56
120.84,113.58
120.86,113.6
120.88,113.62
120.9,113.64
120.92,113.66
120.94,113.68
120.96,113.7
120.98,113.72
121.0,113.74
121.02,113.76
121.04,113.78
121.06,113.8
121.08,113.82
121.1,113.84
121.12,113.86
121.14,113.88
121.16,113.9
121.2,113.92
121.22,113.94
121.24,113.96
121.26,113.98
121.28,114.0
121.3,114.02
121.32,114.04
121.34,114.06
121.36,114.08
121.38,114.1
121.4,114.12
121.42,114.14
121.44,114.16
121.46,114.18
121.5,114.2
121.52,114.22
121.54,114.24
121.56,114.26
121.58,114.28
121.6,114.3
121.62,114.32
121.64,114.34
121.66,114.36
121.68,114.38
121.7,114.4
121.72,114.42
121.74,114.44
121.76,114.46
121.78,114.48
121.8,114.5
121.82,114.52
121.84,114.54
121.86,114.56
121.88,114.58
121.9,114.6
121.92,114.62
121.94,114.64
121.96,114.66
121.98,114.68
122.02,114.7
122.12,114.72
122.14,114.74
122.24,114.76
122.26,114.78
122.28,114.8
122.3,114.82
122.32,114.84
122.34,114.86
122.36,114.88
122.38,114.9
122.4,114.92
122.42,114.94
122.44,114.96
122.46,114.98
122.48,115.0
122.5,115.02
122.52,115.04
122.54,115.06
122.56,115.08
122.58,115.1
122.6,115.12
122.62,115.14
122.64,115.16
122.66,115.18
122.68,115.2
122.7,115.22
122.72,115.24
122.74,115.26
122.76,115.28
122.78,115.3
122.8,115.32
122.82,115.34
122.84,115.36
122.86,115.38
122.88,115.4
122.9,115.42
122.92,115.44
122.94,115.46
122.96,115.48
122.98,115.5
123.0,115.52
123.02,115.54
123.04,115.56
123.06,115.58
123.08,115.6
123.1,115.62
123.12,115.64
123.14,115.66
123.16,115.68
123.18,115.7
123.2,115.72
123.22,115.74
123.24,115.76
123.26,115.78
123.28,115.8
123.3,115.82
123.32,115.84
123.34,115.86
123.36,115.88
123.38,115.9
123.4,115.92
123.42,115.94
123.44,115.96
123.46,115.98
123.48,116.0
123.5,116.02
123.52,116.04
123.54,116.06
123.56,116.08
123.58,116.1
123.6,116.12
123.62,116.14
123.64,116.16
123.66,116.18
123.68,116.2
123.7,116.22
123.72,116.24
123.74,116.26
123.76,116.28
123.78,116.3
123.8,116.32
123.82,116.34
123.84,116.36
123.86,116.38
123.88,116.4
123.9,116.42
123.92,116.44
123.94,116.46
123.96,116.48
123.98,116.5
124.0,116.52
124.02,116.54
124.04,116.56
124.06,116.58
124.08,116.6
124.16,116.62
124.18,116.64
124.2,116.66
124.22,116.68
124.24,116.7
124.26,116.72
124.28,116.74
124.3,116.76
124.32,116.78
124.34,116.8
124.36,116.82
124.38,116.84
124.4,116.86
124.42,116.88
124.44,116.9
124.46,116.92
124.48,116.94
124.5,116.96
124.52,116.98
124.56,117.0
124.58,117.02
124.6,117.04
124.62,117.06
124.64,117.08
124.68,117.1
124.7,117.12
124.72,117.14
124.74,117.16
124.76,117.18
124.78,117.2
124.8,117.22
124.82,117.24
124.88,117.26
125.04,117.28
125.06,117.3
125.12,117.32
125.14,117.34
125.16,117.36
125.18,117.38
125.2,117.4
125.22,117.42
125.24,117.44
125.26,117.46
125.28,117.48
125.3,117.5
125.32,117.52
125.34,117.54
125.36,117.56
125.38,117.58
125.4,117.6
125.42,117.62
125.44,117.64
125.46,117.66
125.48,117.68
125.5,117.7
125.52,117.72
125.54,117.74
125.56,117.76
125.58,117.78
125.6,117.8
125.62,117.82
125.68,117.84
125.7,117.86
125.72,117.88
125.82,117.9
125.84,117.92
125.86,117.94
125.88,117.96
125.94,117.98
126.0,118.0
126.02,118.02
126.04,118.04
126.06,118.06
126.08,118.08
126.1,118.1
126.12,118.12
126.14,118.14
126.16,118.16
126.18,118.18
126.2,118.2
126.22,118.22
126.24,118.24
126.26,118.26
126.28,118.28
126.3,118.3
126.32,118.32
126.34,118.34
126.36,118.36
126.38,118.38
126.4,118.4
126.42,118.42
126.44,118.44
126.46,118.46
126.48,118.48
126.5,118.5
126.52,118.52
126.54,118.54
126.56,118.56
126.58,118.58
126.6,118.6
126.62,118.62
126.64,118.64
126.66,118.66
126.68,118.68
126.7,118.7
126.72,118.72
126.74,118.74
126.76,118.76
126.78,118.78
126.8,118.8
126.82,118.82
126.84,118.84
126.94,118.86
126.96,118.88
126.98,118.9
127.0,118.92
127.02,118.94
127.04,118.96
127.06,118.98
127.08,119.0
127.1,119.02
127.12,119.04
127.14,119.06
127.16,119.08
127.18,119.1
127.2,119.12
127.22,119.14
127.24,119.16
127.26,119.18
127.28,119.2
127.44,119.22
127.46,119.24
127.48,119.26
127.5,119.28
127.52,119.3
127.56,119.32
127.58,119.34
127.6,119.36
127.62,119.38
127.64,119.4
127.66,119.42
127.68,119.44
127.7,119.46
127.72,119.48
127.74,119.5
127.76,119.52
127.78,119.54
127.8,119.56
127.82,119.58
127.84,119.6
127.86,119.62
127.88,119.64
127.9,119.66
127.92,119.68
127.94,119.7
127.96,119.72
127.98,119.74
128.0,119.76
128.02,119.78
128.04,119.8
128.06,119.82
128.08,119.84
128.1,119.86
128.12,119.88
128.14,119.9
128.16,119.92
128.18,119.94
128.2,119.96
128.22,119.98
128.24,120.0
128.26,120.04
128.28,120.06
128.3,120.08
128.32,120.1
128.34,120.16
128.36,120.18
128.38,120.2
128.4,120.22
128.42,120.24
128.44,120.26
128.46,120.32
128.48,120.34
128.5,120.36
128.52,120.38
128.54,120.4
128.56,120.42
128.58,120.44
128.6,120.46
128.62,120.5
128.64,120.52
128.66,120.54
128.68,120.58
128.7,120.6
128.72,120.62
128.74,120.66
128.76,120.68
128.78,120.7
128.8,120.72
128.82,120.74
128.84,120.76
128.86,120.78
128.88,120.8
128.9,120.82
128.92,120.84
128.94,120.86
128.96,120.88
128.98,120.9
129.0,120.92
129.02,120.94
129.04,120.96
129.06,120.98
129.08,121.0
129.1,121.02
129.12,121.04
129.14,121.06
129.16,121.08
129.18,121.1
129.2,121.12
129.22,121.14
129.24,121.16
129.26,121.18
129.28,121.2
129.3,121.22
129.32,121.24
129.34,121.26
129.36,121.28
129.38,121.3
129.4,121.32
129.42,121.34
129.44,121.36
129.46,121.38
129.48,121.4
129.5,121.42
129.52,121.44
129.54,121.46
129.56,121.48
129.58,121.5
129.6,121.52
129.62,121.54
129.66,121.56
129.68,121.58
129.7,121.6
129.72,121.62
129.74,121.64
129.76,121.66
129.78,121.68
129.8,121.7
129.82,121.72
129.84,121.74
129.86,121.76
129.88,121.78
129.9,121.8
129.92,121.82
129.94,121.84
129.96,121.86
129.98,121.88
130.0,121.9
130.02,121.92
130.04,121.94
130.06,121.96
130.08,121.98
130.1,122.0
130.12,122.02
130.14,122.04
130.16,122.06
130.18,122.08
130.2,122.1
130.22,122.12
130.24,122.14
130.26,122.16
130.28,122.18
130.3,122.2
130.32,122.22
130.34,122.24
130.36,122.26
130.38,122.28
130.46,122.3
130.56,122.32
130.66,122.34
130.68,122.36
130.7,122.38
130.72,122.42
130.74,122.44
130.76,122.46
130.78,122.48
130.8,122.5
130.82,122.52
130.84,122.54
130.86,122.56
130.88,122.58
130.9,122.6
130.92,122.62
130.94,122.64
130.96,122.66
130.98,122.7
131.0,122.8
131.02,122.82
131.04,122.84
131.06,122.86
131.08,122.88
131.1,122.9
131.12,122.92
131.14,122.94
131.16,122.96
131.18,122.98
131.2,123.0
131.22,123.02
131.24,123.04
131.26,123.06
131.28,123.08
131.3,123.12
131.32,123.34
131.34,123.36
131.36,123.38
131.38,123.4
131.4,123.42
131.42,123.44
131.44,123.46
131.46,123.48
131.48,123.5
131.5,123.52
131.52,123.54
131.54,123.64
131.56,123.66
131.58,123.68
131.6,123.7
131.62,123.72
131.64,123.74
131.66,123.76
131.68,123.78
131.7,123.8
131.72,123.82
131.74,123.84
131.76,123.86
131.78,123.88
131.8,123.9
131.82,123.92
131.84,123.94
131.86,123.96
131.88,123.98
131.9,124.0
131.92,124.02
131.94,124.04
131.96,124.06
131.98,124.08
132.0,124.1
132.02,124.12
132.04,124.14
132.06,124.16
132.08,124.18
132.1,124.2
132.12,124.22
132.14,124.24
132.16,124.26
132.18,124.28
132.2,124.3
132.22,124.32
132.24,124.34
132.26,124.38
132.28,124.4
132.3,124.42
132.34,124.44
132.36,124.46
132.38,124.48
132.4,124.5
132.42,124.52
132.46,124.54
132.48,124.56
132.5,124.58
132.52,124.6
132.54,124.62
132.56,124.64
132.58,124.66
132.6,124.68
132.62,124.7
132.64,124.72
132.66,124.74
132.68,124.76
132.7,124.78
132.72,124.8
132.74,124.82
132.76,124.84
132.78,124.86
132.8,124.88
132.82,124.9
132.84,124.92
132.88,124.94
132.9,124.96
132.92,124.98
132.94,125.0
132.96,125.02
132.98,125.04
133.0,125.06
133.02,125.08
133.04,125.1
133.06,125.12
133.08,125.14
133.1,125.16
133.12,125.18
133.14,125.2
133.16,125.22
133.18,125.24
133.2,125.26
133.22,125.28
133.24,125.3
133.26,125.32
133.28,125.34
133.3,125.36
133.32,125.38
133.34,125.4
133.36,125.42
133.38,125.44
133.4,125.46
133.42,125.48
133.44,125.5
133.46,125.52
133.48,125.64
133.5,125.66
133.52,125.68
133.54,125.7
133.56,125.72
133.58,125.74
133.6,125.76
133.62,125.78
133.64,125.8
133.66,125.82
133.68,125.84
133.8,125.86
133.82,125.88
133.84,125.9
133.86,125.92
133.88,125.94
133.9,125.96
133.92,125.98
133.94,126.0
133.96,126.02
133.98,126.04
134.0,126.06
134.02,126.08
134.04,126.1
134.06,126.12
134.08,126.14
134.1,126.16
134.12,126.18
134.14,126.2
134.16,126.22
134.18,126.24
134.2,126.26
134.22,126.28
134.24,126.3
134.26,126.32
134.28,126.34
134.3,126.36
134.32,126.38
134.34,126.4
134.36,126.42
134.38,126.44
134.4,126.46
134.42,126.48
134.44,126.5
134.46,126.52
134.48,126.54
134.5,126.56
134.52,126.58
134.54,126.6
134.58,126.62
134.6,126.64
134.62,126.66
134.64,126.68
134.66,126.7
134.68,126.72
134.7,126.74
134.72,126.76
134.74,126.78
134.76,126.8
134.78,126.82
134.8,126.84
134.82,126.86
134.84,126.88
134.86,126.9
134.88,126.92
134.9,126.94
134.92,126.96
134.94,126.98
134.96,127.0
134.98,127.02
135.0,127.04
135.02,127.06
135.04,127.08
135.06,127.1
135.08,127.12
135.1,127.14
135.12,127.16
135.14,127.18
135.16,127.2
135.18,127.22
135.2,127.24
135.22,127.26
135.24,127.28
135.3,127.3
135.32,127.32
135.34,127.34
135.36,127.36
135.38,127.42
135.4,127.44
135.42,127.46
135.44,127.48
135.46,127.5
135.48,127.52
135.5,127.54
135.52,127.56
135.54,127.58
135.56,127.6
135.58,127.62
135.6,127.64
135.62,127.66
135.64,127.68
135.66,127.7
135.68,127.72
135.7,127.74
135.72,127.76
135.74,127.78
135.76,127.8
135.78,127.82
135.8,127.84
135.82,127.86
135.84,127.88
135.86,127.9
135.88,127.92
135.9,127.94
135.92,127.96
135.94,127.98
135.96,128.0
135.98,128.02
136.0,128.04
136.02,128.06
136.04,128.08
136.06,128.1
136.08,128.12
136.1,128.14
136.12,128.16
136.14,128.18
136.16,128.2
136.18,128.22
136.2,128.24
136.22,128.26
136.24,128.28
136.26,128.3
136.28,128.32
136.3,128.34
136.32,128.36
136.34,128.38
136.36,128.4
136.38,128.42
136.4,128.48
136.42,128.5
136.44,128.56
136.46,128.58
136.48,128.6
136.5,128.62
136.52,128.64
136.54,128.66
136.56,128.68
136.58,128.7
136.6,128.72
136.62,128.74
136.64,128.76
136.66,128.78
136.68,128.8
136.7,128.82
136.72,128.84
136.74,128.86
136.76,128.88
136.78,128.9
136.8,128.92
136.82,128.94
136.84,128.96
136.86,128.98
136.88,129.0
136.9,129.02
136.92,129.04
136.94,129.06
136.96,129.08
136.98,129.1
137.0,129.12
137.02,129.14
137.04,129.16
137.06,129.18
137.08,129.2
137.1,129.22
137.12,129.32
137.14,129.34
137.16,129.36
137.18,129.38
137.2,129.4
137.22,129.42
137.24,129.44
137.26,129.5
137.28,129.56
137.3,129.58
137.32,129.64
137.34,129.66
137.36,129.68
137.38,129.7
137.4,129.72
137.42,129.74
137.44,129.76
137.46,129.78
137.48,129.8
137.5,129.82
137.52,129.84
137.54,129.86
137.56,129.88
137.58,129.9
137.6,129.92
137.62,129.94
137.64,129.96
137.66,129.98
137.68,130.0
137.7,130.02
137.72,130.04
137.74,130.06
137.76,130.08
137.78,130.1
137.8,130.12
137.82,130.14
137.84,130.16
137.86,130.18
137.88,130.2
137.9,130.22
137.92,130.24
137.94,130.26
137.96,130.28
137.98,130.3
138.0,130.32
138.02,130.34
138.04,130.36
138.06,130.38
138.08,130.4
138.1,130.42
138.12,130.44
138.14,130.46
138.16,130.48
138.18,130.5
138.2,130.52
138.22,130.54
138.24,130.62
138.26,130.64
138.28,130.66
138.3,130.68
138.32,130.7
138.34,130.72
138.36,130.74
138.38,130.76
138.4,130.78
138.42,130.8
138.44,130.82
138.46,130.84
138.48,130.86
138.5,130.88
138.52,130.9
138.54,130.92
138.56,130.94
138.58,130.96
138.6,130.98
138.62,131.0
138.64,131.02
138.66,131.04
138.68,131.06
138.7,131.08
138.72,131.1
138.74,131.12
138.76,131.14
138.78,131.16
138.8,131.18
138.82,131.2
138.84,131.22
138.86,131.24
138.88,131.26
138.9,131.28
138.92,131.3
138.94,131.32
138.96,131.34
138.98,131.36
139.0,131.38
139.02,131.4
139.04,131.42
139.06,131.44
139.08,131.46
139.1,131.48
139.12,131.5
139.14,131.52
139.16,131.54
139.18,131.56
139.2,131.58
139.22,131.6
139.24,131.62
139.26,131.64
139.28,131.66
139.3,131.68
139.32,131.7
139.34,131.72
139.36,131.74
139.4,131.76
139.42,131.78
139.44,131.8
139.46,131.82
139.48,131.84
139.5,131.86
139.52,131.88
139.54,131.9
139.56,131.92
139.58,131.94
139.6,131.96
139.62,131.98
139.64,132.0
139.66,132.02
139.68,132.04
139.7,132.06
139.72,132.08
139.74,132.1
139.76,132.12
139.78,132.14
139.8,132.16
139.82,132.18
139.84,132.2
139.86,132.22
139.88,132.24
139.9,132.26
139.92,132.28
139.94,132.3
139.96,132.32
139.98,132.34
140.0,132.36
140.02,132.38
140.04,132.4
140.06,132.42
140.08,132.44
140.1,132.46
140.12,132.48
140.14,132.5
140.16,132.52
140.18,132.54
140.2,132.56
140.22,132.58
140.24,132.6
140.26,132.62
140.28,132.64
140.3,132.66
140.32,132.68
140.34,132.7
140.36,132.72
140.38,132.74
140.4,132.76
140.42,132.78
140.44,132.8
140.46,132.82
140.48,132.84
140.5,132.86
140.52,132.88
140.54,132.9
140.56,132.92
140.58,132.94
140.6,132.96
140.62,132.98
140.64,133.0
140.66,133.02
140.68,133.04
140.7,133.06
140.72,133.08
140.74,133.1
140.76,133.12
140.78,133.14
140.8,133.16
140.82,133.18
140.84,133.2
140.86,133.22
140.88,133.24
140.9,133.26
140.92,133.28
140.94,133.3
140.96,133.32
140.98,133.34
141.04,133.36
141.1,133.38
141.12,133.4
141.14,133.42
141.16,133.44
141.18,133.46
141.44,133.48
141.46,133.5
141.48,133.52
141.5,133.54
141.52,133.56
141.54,133.58
141.76,133.6
141.78,133.62
141.8,133.64
141.82,133.66
141.84,134.0
141.86,134.14
141.88,134.18
141.9,134.2
141.92,134.22
141.94,134.24
141.96,134.26
141.98,134.28
142.0,134.3
142.02,134.32
142.04,134.34
142.06,134.36
142.08,134.38
142.18,134.4
142.2,134.42
142.62,134.44
142.64,134.46
142.66,134.48
142.68,134.5
142.7,134.52
142.72,134.54
142.74,134.56
142.76,134.58
142.78,134.6
142.8,134.62
142.82,134.64
142.84,135.06
142.86,135.08
142.88,135.1
142.9,135.12
142.92,135.14
142.94,135.16
142.96,135.18
142.98,135.2
143.0,135.22
143.02,135.4
143.04,135.42
143.06,135.44
143.08,135.46
143.1,135.48
143.12,135.5
143.14,135.52
143.16,135.54
143.18,135.56
143.2,135.58
143.22,135.6
143.24,135.62
143.26,135.88
143.28,135.9
143.3,135.92
143.32,136.14
143.34,136.16
143.36,136.18
143.38,136.56
143.4,136.58
143.42,136.6
143.44,136.62
143.46,136.64
143.48,136.66
143.5,136.68
143.52,136.7
143.54,136.72
143.56,136.74
143.58,136.76
143.6,136.78
143.62,136.8
143.64,136.82
143.66,136.84
143.68,136.86
143.7,136.88
143.72,136.9
143.74,136.92
143.76,136.94
143.78,136.96
143.8,136.98
143.82,137.0
143.84,137.02
143.86,137.04
143.88,137.06
143.9,137.08
143.92,137.1
143.94,137.12
143.96,137.14
143.98,137.16
150.34,137.18
